INSERT INTO users(id, displayName, description, email, isadmin) VALUES ('45faf521-c60a-44ec-bb79-e8be90cea97d', 'blue', 'Call stock car hope.', 'bennettthomas@example.net', true) ON CONFLICT DO NOTHING;
INSERT INTO users(id, displayName, description, email, isadmin) VALUES ('0dbc44a4-49a1-4479-8f1a-870af0fbe6a6', 'lime', 'Provide cover pressure really house.', 'collierbrandon@example.com', true) ON CONFLICT DO NOTHING;
INSERT INTO users(id, displayName, description, email, isadmin) VALUES ('d7e0ae80-4f42-4809-987a-28390074173c', 'silver', 'And sure personal skill.', 'edwardchavez@example.com', true) ON CONFLICT DO NOTHING;
INSERT INTO users(id, displayName, description, email, isadmin) VALUES ('014a1d1f-60bb-4c1e-88fc-423d5903152b', 'lime', 'Message own remain brother get.', 'delgadogeorge@example.com', true) ON CONFLICT DO NOTHING;
INSERT INTO users(id, displayName, description, email, isadmin) VALUES ('d96ee78e-26d6-401d-b917-1ff1e75632af', 'teal', 'Hour picture mind government what author.', 'mooreandrew@example.com', true) ON CONFLICT DO NOTHING;
INSERT INTO users(id, displayName, description, email, isadmin) VALUES ('45957ab3-6e63-4fb0-8c21-f056bed27d78', 'olive', 'Generation turn meet seek hand claim of.', 'merrittmichael@example.com', true) ON CONFLICT DO NOTHING;
INSERT INTO users(id, displayName, description, email, isadmin) VALUES ('96c37429-4b6f-4272-8e3f-da718cf14909', 'purple', 'Despite must most article truth vote bill.', 'xware@example.org', true) ON CONFLICT DO NOTHING;
INSERT INTO users(id, displayName, description, email, isadmin) VALUES ('31385804-a27a-4769-aaa4-33d3b155c99f', 'navy', 'Effect human fast language teach.', 'scottwilson@example.net', true) ON CONFLICT DO NOTHING;
INSERT INTO users(id, displayName, description, email, isadmin) VALUES ('b7dd5cef-52de-4b1c-9840-28bf3f7f0095', 'yellow', 'Laugh either sign close.', 'justin81@example.com', true) ON CONFLICT DO NOTHING;
INSERT INTO users(id, displayName, description, email, isadmin) VALUES ('79ffec85-e09e-4c57-b762-46281b848772', 'silver', 'Budget term try.', 'larsonadam@example.com', true) ON CONFLICT DO NOTHING;
INSERT INTO users(id, displayName, description, email, isadmin) VALUES ('b8ee1d1d-db99-4736-9a5d-e19f7c6a9fcb', 'white', 'Support occur garden rule.', 'ann25@example.org', true) ON CONFLICT DO NOTHING;
INSERT INTO users(id, displayName, description, email, isadmin) VALUES ('3c3cae20-7824-42a6-ab59-4f4a967ec639', 'olive', 'Federal me family citizen list know institution.', 'jorgemartinez@example.net', true) ON CONFLICT DO NOTHING;
INSERT INTO users(id, displayName, description, email, isadmin) VALUES ('9dea17a8-c075-42f0-ad27-2e808fe065e3', 'purple', 'Very need wear yet certainly else.', 'gonzalesvirginia@example.net', true) ON CONFLICT DO NOTHING;
INSERT INTO users(id, displayName, description, email, isadmin) VALUES ('e874bc34-bbf4-427c-b7d0-2487d7904937', 'maroon', 'Third say door issue prepare smile.', 'tcalhoun@example.com', true) ON CONFLICT DO NOTHING;
INSERT INTO users(id, displayName, description, email, isadmin) VALUES ('b9d497ba-9525-4273-bdef-f9faf47d9b7e', 'silver', 'Produce agreement society as east beautiful talk.', 'nicholsrichard@example.com', true) ON CONFLICT DO NOTHING;
INSERT INTO users(id, displayName, description, email, isadmin) VALUES ('9261fa79-30d0-43f8-b914-88116afc8ee3', 'lime', 'Note alone only with.', 'mitchelltiffany@example.org', true) ON CONFLICT DO NOTHING;
INSERT INTO users(id, displayName, description, email, isadmin) VALUES ('20149580-dd4a-4ca9-a369-c4f31656db24', 'maroon', 'Wait evidence next nature.', 'codyjenkins@example.com', true) ON CONFLICT DO NOTHING;
INSERT INTO users(id, displayName, description, email, isadmin) VALUES ('01577644-d91b-4a45-93b2-4fd57e6a9378', 'olive', 'Condition teach cover majority friend notice be.', 'fmendoza@example.net', true) ON CONFLICT DO NOTHING;
INSERT INTO users(id, displayName, description, email, isadmin) VALUES ('4286d3c8-f25c-4f2b-8c1f-2b4f12c9713a', 'black', 'Ball cost why.', 'chad11@example.net', true) ON CONFLICT DO NOTHING;
INSERT INTO users(id, displayName, description, email, isadmin) VALUES ('0e0ca403-cd62-4d36-873f-3164a4fd2a6d', 'aqua', 'Together foreign red pressure speech apply large its.', 'ebaker@example.net', true) ON CONFLICT DO NOTHING;
INSERT INTO users(id, displayName, description, email, isadmin) VALUES ('748fcfb4-cfeb-4c30-aa00-9cbb61971c4b', 'green', 'Her meeting nothing media north model sure church.', 'brenda89@example.org', true) ON CONFLICT DO NOTHING;
INSERT INTO users(id, displayName, description, email, isadmin) VALUES ('68a08365-b98c-43d3-ad84-c8b74e4cce94', 'silver', 'Street first read.', 'upayne@example.com', true) ON CONFLICT DO NOTHING;
INSERT INTO users(id, displayName, description, email, isadmin) VALUES ('f6253c83-5759-4727-b388-570d12f7fa8a', 'white', 'Bank check food.', 'maysmark@example.org', true) ON CONFLICT DO NOTHING;
INSERT INTO users(id, displayName, description, email, isadmin) VALUES ('bd94cfd3-7018-415f-9144-83096f947ba7', 'fuchsia', 'Our market by beat simple quickly south wide.', 'zknox@example.com', true) ON CONFLICT DO NOTHING;
INSERT INTO users(id, displayName, description, email, isadmin) VALUES ('e1353cfa-3d90-4288-a9a3-8a421831812e', 'lime', 'Arm dinner occur voice.', 'melissa10@example.net', true) ON CONFLICT DO NOTHING;
INSERT INTO users(id, displayName, description, email, isadmin) VALUES ('8c23f03e-456e-4c97-9e7f-e2c474a574d2', 'fuchsia', 'Step method seat information among between approach school.', 'mark00@example.net', true) ON CONFLICT DO NOTHING;
INSERT INTO users(id, displayName, description, email, isadmin) VALUES ('5219d177-143f-4451-a7d4-e9cbcd77a35b', 'black', 'Your man control recent international.', 'yblack@example.net', true) ON CONFLICT DO NOTHING;
INSERT INTO users(id, displayName, description, email, isadmin) VALUES ('5d1005e4-7d50-474b-84e6-086e4334a040', 'gray', 'Once decide arm.', 'gailbutler@example.net', true) ON CONFLICT DO NOTHING;
INSERT INTO users(id, displayName, description, email, isadmin) VALUES ('c1c8ade7-ce36-4a63-adc9-8f44333b50a5', 'teal', 'Word thing try cup.', 'thorntonlouis@example.com', true) ON CONFLICT DO NOTHING;
INSERT INTO users(id, displayName, description, email, isadmin) VALUES ('fb45410e-fd0b-45c9-9dd1-a3bf0abb849b', 'aqua', 'Cut lay value record common.', 'martinezpaul@example.org', true) ON CONFLICT DO NOTHING;
INSERT INTO users(id, displayName, description, email, isadmin) VALUES ('8cd5ee1c-56de-4318-8e6d-ae05c415dabf', 'black', 'Above method may direction six fine.', 'watsonjasmine@example.com', true) ON CONFLICT DO NOTHING;
INSERT INTO users(id, displayName, description, email, isadmin) VALUES ('1c6a47f3-e613-434a-881a-932c9b226fe1', 'silver', 'Side sit read message.', 'owilliams@example.org', true) ON CONFLICT DO NOTHING;
INSERT INTO users(id, displayName, description, email, isadmin) VALUES ('a95df91b-945f-4a2e-a565-bed4530aba52', 'aqua', 'Scientist establish or.', 'terri63@example.org', true) ON CONFLICT DO NOTHING;
INSERT INTO users(id, displayName, description, email, isadmin) VALUES ('2862c771-e5f3-4688-84b5-bce31fe35709', 'fuchsia', 'Guy fast if claim television might power look.', 'cassandradiaz@example.com', true) ON CONFLICT DO NOTHING;
INSERT INTO users(id, displayName, description, email, isadmin) VALUES ('e9e175dc-fb5a-4d02-a994-cf21b44ff34c', 'navy', 'Market case suddenly medical everybody high.', 'lisa98@example.org', true) ON CONFLICT DO NOTHING;
INSERT INTO users(id, displayName, description, email, isadmin) VALUES ('f3687fb7-9126-43a1-90b9-556af2964e3e', 'aqua', 'However add so sell talk yes under.', 'joshuamyers@example.net', true) ON CONFLICT DO NOTHING;
INSERT INTO users(id, displayName, description, email, isadmin) VALUES ('38241eaa-3a4f-4b49-8fc7-7526a4b9130b', 'green', 'Eye activity wide message soon cell.', 'curtis90@example.org', true) ON CONFLICT DO NOTHING;
INSERT INTO users(id, displayName, description, email, isadmin) VALUES ('c4825db1-47f2-476e-b78f-4645f4511d25', 'olive', 'Bring where drive president anyone fast vote.', 'alewis@example.org', true) ON CONFLICT DO NOTHING;
INSERT INTO users(id, displayName, description, email, isadmin) VALUES ('854f0ea5-9177-4334-945a-5caaa29b6bb2', 'green', 'Perform build technology your western affect.', 'jasoncooper@example.org', true) ON CONFLICT DO NOTHING;
INSERT INTO users(id, displayName, description, email, isadmin) VALUES ('624792bc-ba9b-47ae-ab49-99c2d1e57399', 'navy', 'Near but far light others under you.', 'crawfordstephen@example.com', true) ON CONFLICT DO NOTHING;
INSERT INTO users(id, displayName, description, email, isadmin) VALUES ('9829b700-87b1-43a4-bce0-f1857c555968', 'navy', 'Human positive sea key.', 'ebailey@example.org', true) ON CONFLICT DO NOTHING;
INSERT INTO users(id, displayName, description, email, isadmin) VALUES ('d8a51ebe-6691-4ac3-a395-8f48bb878496', 'fuchsia', 'Floor budget cultural.', 'ppeters@example.net', true) ON CONFLICT DO NOTHING;
INSERT INTO users(id, displayName, description, email, isadmin) VALUES ('7b85e418-937b-4697-bb90-fb0d493aaf81', 'teal', 'Court long one could.', 'zbaker@example.org', true) ON CONFLICT DO NOTHING;
INSERT INTO users(id, displayName, description, email, isadmin) VALUES ('1f30b552-51fc-4689-8fc2-e746dc799d04', 'lime', 'Different TV message or.', 'roypamela@example.net', true) ON CONFLICT DO NOTHING;
INSERT INTO users(id, displayName, description, email, isadmin) VALUES ('f23b68e2-a9e0-48aa-8f69-aefa22f6830d', 'lime', 'Ask policy can responsibility.', 'drew85@example.org', true) ON CONFLICT DO NOTHING;
INSERT INTO users(id, displayName, description, email, isadmin) VALUES ('cee5ed31-0df2-4c45-8689-289b555ee1c1', 'lime', 'Follow really you me.', 'pricesandra@example.com', true) ON CONFLICT DO NOTHING;
INSERT INTO users(id, displayName, description, email, isadmin) VALUES ('bec16bae-f8f5-49bf-b2cf-06f011892868', 'silver', 'Gun down example fire partner fast popular sport.', 'kirbyjustin@example.com', true) ON CONFLICT DO NOTHING;
INSERT INTO users(id, displayName, description, email, isadmin) VALUES ('68462cea-3d36-489b-9fad-955610b507b4', 'blue', 'Cut church chance style third order.', 'kenneth59@example.com', true) ON CONFLICT DO NOTHING;
INSERT INTO users(id, displayName, description, email, isadmin) VALUES ('6fabf62d-881d-4758-9de5-fb613f9d4a58', 'blue', 'Newspaper however not red.', 'jramirez@example.org', true) ON CONFLICT DO NOTHING;
INSERT INTO users(id, displayName, description, email, isadmin) VALUES ('d17ff5f9-7d34-487d-b360-07f7a20da75c', 'blue', 'Whatever recognize sure.', 'elizabeth57@example.com', true) ON CONFLICT DO NOTHING;
INSERT INTO users(id, displayName, description, email, isadmin) VALUES ('c20ba9c9-ab6c-4433-880f-b66f191b0e86', 'white', 'Able baby to including laugh drug bar shake.', 'robert31@example.net', true) ON CONFLICT DO NOTHING;
INSERT INTO users(id, displayName, description, email, isadmin) VALUES ('e56f1745-67ad-4b0b-bb6f-f9b47420d8f6', 'white', 'Customer whose soldier down throw.', 'maureendavis@example.com', true) ON CONFLICT DO NOTHING;
INSERT INTO users(id, displayName, description, email, isadmin) VALUES ('7c9ccfe9-dfc0-4b63-96ad-ef7437024b1b', 'maroon', 'Total property environment.', 'dalemorrison@example.org', true) ON CONFLICT DO NOTHING;
INSERT INTO users(id, displayName, description, email, isadmin) VALUES ('518bd3c5-3043-425b-a943-3f513d14d08e', 'aqua', 'Nearly ok office game.', 'ile@example.net', true) ON CONFLICT DO NOTHING;
INSERT INTO users(id, displayName, description, email, isadmin) VALUES ('7d22e7d1-c182-45b6-a642-9aa587e3affb', 'navy', 'Build arrive ago control.', 'anthony70@example.org', true) ON CONFLICT DO NOTHING;
INSERT INTO users(id, displayName, description, email, isadmin) VALUES ('8c996e74-471a-4e1b-ba19-5da3d33ea58f', 'lime', 'Minute hope tax everything student test opportunity.', 'mbolton@example.net', true) ON CONFLICT DO NOTHING;
INSERT INTO users(id, displayName, description, email, isadmin) VALUES ('aedea131-52ad-4d5b-9ca7-cff1c9241706', 'lime', 'Center between life way.', 'qalvarado@example.org', true) ON CONFLICT DO NOTHING;
INSERT INTO users(id, displayName, description, email, isadmin) VALUES ('bb7562e6-ebaf-48ac-aec4-52fda5329846', 'fuchsia', 'Exist sit away feeling team red tonight.', 'jodi33@example.net', true) ON CONFLICT DO NOTHING;
INSERT INTO users(id, displayName, description, email, isadmin) VALUES ('c5d2062e-69ab-4a42-912b-6780bdc184a7', 'yellow', 'Store short myself choose note position.', 'stevensonlaura@example.com', true) ON CONFLICT DO NOTHING;
INSERT INTO users(id, displayName, description, email, isadmin) VALUES ('4d3ee164-fad7-4b91-b9c4-28e88102ea03', 'lime', 'Find other hospital look positive despite.', 'sandrabaker@example.net', true) ON CONFLICT DO NOTHING;
INSERT INTO users(id, displayName, description, email, isadmin) VALUES ('6d9858c9-c6ab-44de-8ccd-c018dcb6980b', 'gray', 'Large team second despite.', 'jenniferbowers@example.org', true) ON CONFLICT DO NOTHING;
INSERT INTO users(id, displayName, description, email, isadmin) VALUES ('27371228-c5f4-4c53-8286-e721afb7aff3', 'maroon', 'Manage consider party.', 'elizabeth90@example.net', true) ON CONFLICT DO NOTHING;
INSERT INTO users(id, displayName, description, email, isadmin) VALUES ('dd28adb0-d23a-4ffd-be4d-f1b61f5419fa', 'aqua', 'Significant alone word party.', 'clinescott@example.org', true) ON CONFLICT DO NOTHING;
INSERT INTO users(id, displayName, description, email, isadmin) VALUES ('1dc51fcf-1243-4294-9180-762fee429dba', 'white', 'Speech marriage us early three forward assume.', 'coxashley@example.com', true) ON CONFLICT DO NOTHING;
INSERT INTO users(id, displayName, description, email, isadmin) VALUES ('a8b412c2-8f4a-4359-98d8-cb2b402452df', 'aqua', 'Memory decision require.', 'jaimeanderson@example.net', true) ON CONFLICT DO NOTHING;
INSERT INTO users(id, displayName, description, email, isadmin) VALUES ('fa5fd5df-1b29-4a08-bd43-1028653dbf92', 'navy', 'Cultural baby whom field vote door clearly Congress.', 'rnichols@example.net', true) ON CONFLICT DO NOTHING;
INSERT INTO users(id, displayName, description, email, isadmin) VALUES ('ef15f6c3-9d08-4158-9533-c585f0538aa0', 'black', 'Relate move piece again.', 'baileyjaime@example.com', true) ON CONFLICT DO NOTHING;
INSERT INTO users(id, displayName, description, email, isadmin) VALUES ('cb6dfd77-df47-4aca-bcd1-c1aebbfee52f', 'teal', 'Firm chair contain.', 'jonathan01@example.net', true) ON CONFLICT DO NOTHING;
INSERT INTO users(id, displayName, description, email, isadmin) VALUES ('d54cb263-3317-418c-bacc-1ecc28d0d199', 'teal', 'Thing set within.', 'cindy22@example.org', true) ON CONFLICT DO NOTHING;
INSERT INTO users(id, displayName, description, email, isadmin) VALUES ('bf3d699f-f8c6-4fba-9c76-b823204081b7', 'purple', 'Effort bed else forget remain rest point only.', 'benjaminward@example.net', true) ON CONFLICT DO NOTHING;
INSERT INTO users(id, displayName, description, email, isadmin) VALUES ('ab6b0ca8-eec7-4000-a07e-0a45ecf397cb', 'maroon', 'Edge financial dinner our explain street.', 'jordanclaire@example.com', true) ON CONFLICT DO NOTHING;
INSERT INTO users(id, displayName, description, email, isadmin) VALUES ('eec3924c-13ea-4387-ac2a-db2411a1eb6f', 'black', 'Attention soldier mention behavior rich.', 'timothy97@example.net', true) ON CONFLICT DO NOTHING;
INSERT INTO users(id, displayName, description, email, isadmin) VALUES ('7db06a9a-f3c3-4238-bb5e-74a97ca65e19', 'teal', 'Will easy worry involve feel team occur.', 'mconrad@example.org', true) ON CONFLICT DO NOTHING;
INSERT INTO users(id, displayName, description, email, isadmin) VALUES ('25ae64f6-8518-499d-9c9a-4207ebbf0d5a', 'purple', 'Rise player baby method now brother.', 'qmoyer@example.com', true) ON CONFLICT DO NOTHING;
INSERT INTO users(id, displayName, description, email, isadmin) VALUES ('3e779d87-ed49-4f41-bdc5-23a213262470', 'maroon', 'Drive adult gun live wonder person new.', 'karen90@example.org', true) ON CONFLICT DO NOTHING;
INSERT INTO users(id, displayName, description, email, isadmin) VALUES ('aa1c231e-0dc0-4c05-98ae-1ab5108d58cf', 'black', 'Market for own.', 'adamserin@example.com', true) ON CONFLICT DO NOTHING;
INSERT INTO users(id, displayName, description, email, isadmin) VALUES ('e3793d67-77c9-4047-9ea4-f2b09b853f7d', 'gray', 'Able pattern physical professor appear class late energy.', 'gregory19@example.com', true) ON CONFLICT DO NOTHING;
INSERT INTO users(id, displayName, description, email, isadmin) VALUES ('839bd51b-c70f-44be-b9a3-d12c6be96334', 'white', 'Science key value nature consumer.', 'janetgutierrez@example.com', true) ON CONFLICT DO NOTHING;
INSERT INTO users(id, displayName, description, email, isadmin) VALUES ('5848ed73-de39-491d-aa35-2ffd6f870c2e', 'green', 'Scene executive off day billion seem.', 'wilkinsbryan@example.net', true) ON CONFLICT DO NOTHING;
INSERT INTO users(id, displayName, description, email, isadmin) VALUES ('769b335b-2c22-4c14-9f43-dd3cd04fa5eb', 'gray', 'Their gas scene cell never the base.', 'ohoffman@example.org', true) ON CONFLICT DO NOTHING;
INSERT INTO users(id, displayName, description, email, isadmin) VALUES ('222f75d0-6970-45a0-a459-cdaec272c079', 'aqua', 'Positive argue candidate system kitchen about prepare.', 'zuniganancy@example.net', true) ON CONFLICT DO NOTHING;
INSERT INTO users(id, displayName, description, email, isadmin) VALUES ('b3707fb0-246e-4baa-8af5-fd357009ec81', 'green', 'Off industry team nothing court politics my.', 'rebecca78@example.net', true) ON CONFLICT DO NOTHING;
INSERT INTO users(id, displayName, description, email, isadmin) VALUES ('854d7dc4-dbe6-4f8b-a4ea-f545666cff8b', 'green', 'Listen able focus benefit yes.', 'zamoralinda@example.org', true) ON CONFLICT DO NOTHING;
INSERT INTO users(id, displayName, description, email, isadmin) VALUES ('ea4fa163-bad7-4f22-ab43-27d9e034891c', 'olive', 'Nation home ball success move reason.', 'jason37@example.org', true) ON CONFLICT DO NOTHING;
INSERT INTO users(id, displayName, description, email, isadmin) VALUES ('f70df637-95c3-4e6b-8bde-5316661dd5a0', 'gray', 'Congress executive answer too trade model standard.', 'nathantaylor@example.org', true) ON CONFLICT DO NOTHING;
INSERT INTO users(id, displayName, description, email, isadmin) VALUES ('128214c7-abe8-46ab-8323-0a7814a902bd', 'white', 'Probably door can decide.', 'gyoung@example.com', true) ON CONFLICT DO NOTHING;
INSERT INTO users(id, displayName, description, email, isadmin) VALUES ('11148c85-6380-406f-8691-c5349b08c40c', 'maroon', 'Writer we hospital discover nothing quickly.', 'whitneyochoa@example.com', true) ON CONFLICT DO NOTHING;
INSERT INTO users(id, displayName, description, email, isadmin) VALUES ('66d52860-bef4-42b9-942b-e4f75b7b3a04', 'blue', 'Behind baby be professional head.', 'teresa62@example.org', true) ON CONFLICT DO NOTHING;
INSERT INTO users(id, displayName, description, email, isadmin) VALUES ('48b2ed37-31f0-4805-8a1f-95f280348f4a', 'fuchsia', 'Commercial Congress ok money.', 'hwilliams@example.com', true) ON CONFLICT DO NOTHING;
INSERT INTO users(id, displayName, description, email, isadmin) VALUES ('86321adb-67e6-4c0b-96e2-42be93acd42c', 'purple', 'Wish reflect interest PM letter yard.', 'fritzrichard@example.com', true) ON CONFLICT DO NOTHING;
INSERT INTO users(id, displayName, description, email, isadmin) VALUES ('b7e19eaa-d7ee-4fb8-bd1c-3a60f0bde6bf', 'blue', 'Most true company network far up campaign three.', 'laura40@example.com', true) ON CONFLICT DO NOTHING;
INSERT INTO users(id, displayName, description, email, isadmin) VALUES ('3c24c716-b4ee-4e84-a47e-9b111e7293e8', 'teal', 'Federal again drug soldier investment radio.', 'cathy97@example.com', true) ON CONFLICT DO NOTHING;
INSERT INTO users(id, displayName, description, email, isadmin) VALUES ('2fe282c3-c2c8-4678-b3ca-f7b8379c8673', 'black', 'People nor worker.', 'bowenjason@example.net', true) ON CONFLICT DO NOTHING;
INSERT INTO users(id, displayName, description, email, isadmin) VALUES ('5e2e666d-d7b9-472a-8987-1c601c39c95a', 'green', 'Line second author dinner only.', 'stephanie69@example.org', true) ON CONFLICT DO NOTHING;
INSERT INTO users(id, displayName, description, email, isadmin) VALUES ('50ffd3cf-3ac3-46b1-9b44-b632e09e50c5', 'maroon', 'Your fight sister teacher office next answer mouth.', 'rogerspatrick@example.com', true) ON CONFLICT DO NOTHING;
INSERT INTO users(id, displayName, description, email, isadmin) VALUES ('1ec5d74d-d13f-4f89-a1de-5fafb18f069e', 'gray', 'Ahead smile spring life protect list.', 'leeryan@example.org', true) ON CONFLICT DO NOTHING;
INSERT INTO users(id, displayName, description, email, isadmin) VALUES ('7794904f-e6cf-4609-acbf-ba659675c803', 'gray', 'Ask strategy good fish financial certainly.', 'timothystrickland@example.net', true) ON CONFLICT DO NOTHING;
INSERT INTO users(id, displayName, description, email, isadmin) VALUES ('6ceab7cf-0592-4469-9bc2-6c1a1d6110be', 'navy', 'Standard marriage important describe.', 'derek46@example.com', true) ON CONFLICT DO NOTHING;
INSERT INTO users(id, displayName, description, email, isadmin) VALUES ('52903050-e531-4dc1-9c1f-2dd45a50fd75', 'aqua', 'Soon example mention build party.', 'garzatammy@example.net', true) ON CONFLICT DO NOTHING;
INSERT INTO users(id, displayName, description, email, isadmin) VALUES ('5b7621c9-56ab-46f2-951f-3880bc802ca6', 'navy', 'School allow stock full people around.', 'kenneth91@example.org', true) ON CONFLICT DO NOTHING;
INSERT INTO organisations(id, name, description, isVerified, contactinfo) VALUES ('f67db23e-bd05-434c-a7cb-d5f49aae7333', 'green', 'His sometimes together memory challenge.', true, 'Part although or according from.') ON CONFLICT DO NOTHING;
INSERT INTO organisations(id, name, description, isVerified, contactinfo) VALUES ('5417ffd5-7dc8-4196-9429-5274f5c14a65', 'silver', 'Mouth senior across all common seven treat.', true, 'Trade and trip data senior.') ON CONFLICT DO NOTHING;
INSERT INTO organisations(id, name, description, isVerified, contactinfo) VALUES ('8370f4bc-a6b7-41a1-9f5c-9344c32b7367', 'teal', 'Agree special professor speech weight.', true, 'Call assume fine according foot want.') ON CONFLICT DO NOTHING;
INSERT INTO organisations(id, name, description, isVerified, contactinfo) VALUES ('0ae374b8-54e9-4f61-89cc-b207bb264596', 'black', 'Hard state claim.', true, 'Suffer account truth fast him.') ON CONFLICT DO NOTHING;
INSERT INTO organisations(id, name, description, isVerified, contactinfo) VALUES ('c72cfb11-90f7-4e46-8a2f-a27ef22e6114', 'maroon', 'That what evidence of.', true, 'Wish generation wife write.') ON CONFLICT DO NOTHING;
INSERT INTO oragnisationmanagers(organisationId, managerId) VALUES ('f67db23e-bd05-434c-a7cb-d5f49aae7333', '25ae64f6-8518-499d-9c9a-4207ebbf0d5a') ON CONFLICT DO NOTHING;
INSERT INTO oragnisationmanagers(organisationId, managerId) VALUES ('8370f4bc-a6b7-41a1-9f5c-9344c32b7367', '96c37429-4b6f-4272-8e3f-da718cf14909') ON CONFLICT DO NOTHING;
INSERT INTO oragnisationmanagers(organisationId, managerId) VALUES ('5417ffd5-7dc8-4196-9429-5274f5c14a65', '50ffd3cf-3ac3-46b1-9b44-b632e09e50c5') ON CONFLICT DO NOTHING;
INSERT INTO oragnisationmanagers(organisationId, managerId) VALUES ('5417ffd5-7dc8-4196-9429-5274f5c14a65', '7c9ccfe9-dfc0-4b63-96ad-ef7437024b1b') ON CONFLICT DO NOTHING;
INSERT INTO oragnisationmanagers(organisationId, managerId) VALUES ('c72cfb11-90f7-4e46-8a2f-a27ef22e6114', 'e9e175dc-fb5a-4d02-a994-cf21b44ff34c') ON CONFLICT DO NOTHING;
INSERT INTO oragnisationmanagers(organisationId, managerId) VALUES ('f67db23e-bd05-434c-a7cb-d5f49aae7333', '1f30b552-51fc-4689-8fc2-e746dc799d04') ON CONFLICT DO NOTHING;
INSERT INTO oragnisationmanagers(organisationId, managerId) VALUES ('f67db23e-bd05-434c-a7cb-d5f49aae7333', '3c3cae20-7824-42a6-ab59-4f4a967ec639') ON CONFLICT DO NOTHING;
INSERT INTO oragnisationmanagers(organisationId, managerId) VALUES ('8370f4bc-a6b7-41a1-9f5c-9344c32b7367', 'eec3924c-13ea-4387-ac2a-db2411a1eb6f') ON CONFLICT DO NOTHING;
INSERT INTO oragnisationmanagers(organisationId, managerId) VALUES ('0ae374b8-54e9-4f61-89cc-b207bb264596', '854d7dc4-dbe6-4f8b-a4ea-f545666cff8b') ON CONFLICT DO NOTHING;
INSERT INTO oragnisationmanagers(organisationId, managerId) VALUES ('8370f4bc-a6b7-41a1-9f5c-9344c32b7367', 'fb45410e-fd0b-45c9-9dd1-a3bf0abb849b') ON CONFLICT DO NOTHING;
INSERT INTO oragnisationmanagers(organisationId, managerId) VALUES ('c72cfb11-90f7-4e46-8a2f-a27ef22e6114', '748fcfb4-cfeb-4c30-aa00-9cbb61971c4b') ON CONFLICT DO NOTHING;
INSERT INTO oragnisationmanagers(organisationId, managerId) VALUES ('0ae374b8-54e9-4f61-89cc-b207bb264596', '222f75d0-6970-45a0-a459-cdaec272c079') ON CONFLICT DO NOTHING;
INSERT INTO oragnisationmanagers(organisationId, managerId) VALUES ('f67db23e-bd05-434c-a7cb-d5f49aae7333', '1dc51fcf-1243-4294-9180-762fee429dba') ON CONFLICT DO NOTHING;
INSERT INTO oragnisationmanagers(organisationId, managerId) VALUES ('8370f4bc-a6b7-41a1-9f5c-9344c32b7367', '01577644-d91b-4a45-93b2-4fd57e6a9378') ON CONFLICT DO NOTHING;
INSERT INTO oragnisationmanagers(organisationId, managerId) VALUES ('c72cfb11-90f7-4e46-8a2f-a27ef22e6114', '7c9ccfe9-dfc0-4b63-96ad-ef7437024b1b') ON CONFLICT DO NOTHING;
INSERT INTO oragnisationmanagers(organisationId, managerId) VALUES ('c72cfb11-90f7-4e46-8a2f-a27ef22e6114', '86321adb-67e6-4c0b-96e2-42be93acd42c') ON CONFLICT DO NOTHING;
INSERT INTO oragnisationmanagers(organisationId, managerId) VALUES ('8370f4bc-a6b7-41a1-9f5c-9344c32b7367', '11148c85-6380-406f-8691-c5349b08c40c') ON CONFLICT DO NOTHING;
INSERT INTO oragnisationmanagers(organisationId, managerId) VALUES ('f67db23e-bd05-434c-a7cb-d5f49aae7333', '7c9ccfe9-dfc0-4b63-96ad-ef7437024b1b') ON CONFLICT DO NOTHING;
INSERT INTO oragnisationmanagers(organisationId, managerId) VALUES ('8370f4bc-a6b7-41a1-9f5c-9344c32b7367', '20149580-dd4a-4ca9-a369-c4f31656db24') ON CONFLICT DO NOTHING;
INSERT INTO oragnisationmanagers(organisationId, managerId) VALUES ('0ae374b8-54e9-4f61-89cc-b207bb264596', '45faf521-c60a-44ec-bb79-e8be90cea97d') ON CONFLICT DO NOTHING;
INSERT INTO events(id, title, latitude, longitude, organisationid) VALUES ('8ef8528d-ddd5-487d-bb13-5325394f98ef','Cut those prepare effect.',50.211,20.007, 'f67db23e-bd05-434c-a7cb-d5f49aae7333') ON CONFLICT DO NOTHING; 
INSERT INTO events(id, title, latitude, longitude, organisationid) VALUES ('ea161e6e-5fce-4c13-bdf3-2f0c760e91bf','Girl not deep term pull reality.',50.986,19.856, '8370f4bc-a6b7-41a1-9f5c-9344c32b7367') ON CONFLICT DO NOTHING; 
INSERT INTO events(id, title, latitude, longitude, organisationid) VALUES ('21914ea6-8a0e-48ee-bc5c-66213d64ba6f','Else general hope.',50.559,20.068, '0ae374b8-54e9-4f61-89cc-b207bb264596') ON CONFLICT DO NOTHING; 
INSERT INTO events(id, title, latitude, longitude, organisationid) VALUES ('b9bea810-2a6f-443c-965c-4210f4e5a958','Seek me do color.',50.886,19.934, 'f67db23e-bd05-434c-a7cb-d5f49aae7333') ON CONFLICT DO NOTHING; 
INSERT INTO events(id, title, latitude, longitude, organisationid) VALUES ('18646a8b-9172-415c-9494-905821e25ec7','Head save resource return sister be plan.',50.252,19.855, '5417ffd5-7dc8-4196-9429-5274f5c14a65') ON CONFLICT DO NOTHING; 
INSERT INTO events(id, title, latitude, longitude, organisationid) VALUES ('46fc8eaa-7456-46e0-9a6a-5188a3267d0a','Into occur medical why bring himself somebody money.',50.95,19.972, 'c72cfb11-90f7-4e46-8a2f-a27ef22e6114') ON CONFLICT DO NOTHING; 
INSERT INTO events(id, title, latitude, longitude, organisationid) VALUES ('c44840dd-be63-4e4b-af7b-0f198aaf74bf','Tv follow put yourself.',50.797,20.068, '0ae374b8-54e9-4f61-89cc-b207bb264596') ON CONFLICT DO NOTHING; 
INSERT INTO events(id, title, latitude, longitude, organisationid) VALUES ('853d0da5-17cc-46b9-9f77-88816a4c7986','Finish lead fight eye condition sell former.',50.74,19.915, '0ae374b8-54e9-4f61-89cc-b207bb264596') ON CONFLICT DO NOTHING; 
INSERT INTO events(id, title, latitude, longitude, organisationid) VALUES ('bdcbe499-9355-44c7-b53f-22f56c7265bf','Choice least opportunity control network sense spring.',50.716,19.822, '5417ffd5-7dc8-4196-9429-5274f5c14a65') ON CONFLICT DO NOTHING; 
INSERT INTO events(id, title, latitude, longitude, organisationid) VALUES ('b3c607ad-9b10-44f8-aa28-9dccff8c54e8','Question beautiful draw sit bit religious box.',51.031,19.939, '5417ffd5-7dc8-4196-9429-5274f5c14a65') ON CONFLICT DO NOTHING; 
INSERT INTO events(id, title, latitude, longitude, organisationid) VALUES ('4be8dc6d-1e52-4649-8312-1c499ebcab93','Catch threat pull kid perhaps budget public quite.',50.967,20.041, '5417ffd5-7dc8-4196-9429-5274f5c14a65') ON CONFLICT DO NOTHING; 
INSERT INTO events(id, title, latitude, longitude, organisationid) VALUES ('8914e697-e934-42cb-abd1-101fd517692c','Start future make fall tell.',50.1,19.851, '5417ffd5-7dc8-4196-9429-5274f5c14a65') ON CONFLICT DO NOTHING; 
INSERT INTO events(id, title, latitude, longitude, organisationid) VALUES ('1e153d76-5e56-40a4-99da-364533c7d609','Forget them too her color.',50.308,19.869, 'f67db23e-bd05-434c-a7cb-d5f49aae7333') ON CONFLICT DO NOTHING; 
INSERT INTO events(id, title, latitude, longitude, organisationid) VALUES ('8338ad81-00c5-4c58-8d7d-6e265d94249e','Rate tough imagine.',50.187,19.901, '8370f4bc-a6b7-41a1-9f5c-9344c32b7367') ON CONFLICT DO NOTHING; 
INSERT INTO events(id, title, latitude, longitude, organisationid) VALUES ('f18db14b-3de9-4716-893c-1661671ed282','Project green art attention city join produce.',50.268,19.999, 'c72cfb11-90f7-4e46-8a2f-a27ef22e6114') ON CONFLICT DO NOTHING; 
INSERT INTO events(id, title, latitude, longitude, organisationid) VALUES ('f1a2efda-f905-4120-8e5a-c2f2d60e578a','Expert region treatment respond try floor American everybody.',50.294,19.83, '8370f4bc-a6b7-41a1-9f5c-9344c32b7367') ON CONFLICT DO NOTHING; 
INSERT INTO events(id, title, latitude, longitude, organisationid) VALUES ('9606ae44-ebec-49b8-9e39-7f8b3d0c4cdc','Wonder design population language behind interest.',50.883,20.019, '5417ffd5-7dc8-4196-9429-5274f5c14a65') ON CONFLICT DO NOTHING; 
INSERT INTO events(id, title, latitude, longitude, organisationid) VALUES ('b7333ae3-dc3c-46e7-86ea-1572499b8dd7','Suffer us student team generation worry window prove.',50.469,19.946, '5417ffd5-7dc8-4196-9429-5274f5c14a65') ON CONFLICT DO NOTHING; 
INSERT INTO events(id, title, latitude, longitude, organisationid) VALUES ('a7affde3-6b83-48f5-813a-31ec491765d5','Particularly once a pick guy or success.',50.18,19.993, 'c72cfb11-90f7-4e46-8a2f-a27ef22e6114') ON CONFLICT DO NOTHING; 
INSERT INTO events(id, title, latitude, longitude, organisationid) VALUES ('4124cc66-95ef-4c5f-b5d1-dc9a943f0593','Leave whose together maintain value from training.',51.017,19.93, 'c72cfb11-90f7-4e46-8a2f-a27ef22e6114') ON CONFLICT DO NOTHING; 
INSERT INTO eventtasks(id, eventid, description, goal) VALUES ('a148d1f5-b66c-49df-9c1e-e5b15fd0e0eb', 'bdcbe499-9355-44c7-b53f-22f56c7265bf', 'Knowledge political politics morning impact church.', 'Financial hot arm even writer perhaps another.') ON CONFLICT DO NOTHING; 
INSERT INTO eventtasks(id, eventid, description, goal) VALUES ('d4371b70-23f9-4750-8f9a-ce8211519e86', 'ea161e6e-5fce-4c13-bdf3-2f0c760e91bf', 'Take anyone fine fund similar.', 'Power team decision represent top.') ON CONFLICT DO NOTHING; 
INSERT INTO eventtasks(id, eventid, description, goal) VALUES ('1f2153e2-2567-4879-bc59-85a4b94aa474', '8ef8528d-ddd5-487d-bb13-5325394f98ef', 'Tree again wife week produce create around.', 'Floor indicate social born news yard memory through.') ON CONFLICT DO NOTHING; 
INSERT INTO eventtasks(id, eventid, description, goal) VALUES ('f396f68d-40be-4911-939e-1ca2371e3fa3', 'b7333ae3-dc3c-46e7-86ea-1572499b8dd7', 'Point investment present pull.', 'Nation nor model allow part.') ON CONFLICT DO NOTHING; 
INSERT INTO eventtasks(id, eventid, description, goal) VALUES ('93863f63-1ad1-409e-8f09-026edbdfd3cb', '853d0da5-17cc-46b9-9f77-88816a4c7986', 'Price reality trouble recently choice somebody agreement.', 'Thought line authority true picture PM agree society.') ON CONFLICT DO NOTHING; 
INSERT INTO eventtasks(id, eventid, description, goal) VALUES ('382e926d-dc55-4322-afe9-b0d89049c636', '18646a8b-9172-415c-9494-905821e25ec7', 'Official box center statement I you.', 'Everything free popular model.') ON CONFLICT DO NOTHING; 
INSERT INTO eventtasks(id, eventid, description, goal) VALUES ('81c8fc35-91f6-4da8-8116-f971b5576d7e', '46fc8eaa-7456-46e0-9a6a-5188a3267d0a', 'Position matter right some page concern act.', 'Perform structure car break.') ON CONFLICT DO NOTHING; 
INSERT INTO eventtasks(id, eventid, description, goal) VALUES ('23a0d762-0f54-4519-a3d2-a60fea47d251', '8ef8528d-ddd5-487d-bb13-5325394f98ef', 'Turn hold develop race successful.', 'Eight must act beautiful protect of.') ON CONFLICT DO NOTHING; 
INSERT INTO eventtasks(id, eventid, description, goal) VALUES ('051e1bff-62a7-42ad-8007-2c487d67d07b', 'bdcbe499-9355-44c7-b53f-22f56c7265bf', 'Child model thousand wide buy.', 'Often key order.') ON CONFLICT DO NOTHING; 
INSERT INTO eventtasks(id, eventid, description, goal) VALUES ('ab690f90-6529-4a72-891b-9e4e68db511a', '46fc8eaa-7456-46e0-9a6a-5188a3267d0a', 'My audience debate also want middle.', 'Imagine explain memory economy movement.') ON CONFLICT DO NOTHING; 
INSERT INTO eventtasks(id, eventid, description, goal) VALUES ('1e1af971-056b-4671-888d-8bbcf53d609e', 'b3c607ad-9b10-44f8-aa28-9dccff8c54e8', 'Happy turn choice bar word good together.', 'Painting trip agree item much moment sometimes.') ON CONFLICT DO NOTHING; 
INSERT INTO eventtasks(id, eventid, description, goal) VALUES ('31e92a3c-1688-4fae-80e6-621f0ab9db88', 'f18db14b-3de9-4716-893c-1661671ed282', 'Through particular keep about suffer central remember.', 'Admit color source nor person third.') ON CONFLICT DO NOTHING; 
INSERT INTO eventtasks(id, eventid, description, goal) VALUES ('78333dee-25c6-4f3b-9e45-477af69923c1', '21914ea6-8a0e-48ee-bc5c-66213d64ba6f', 'Leave east large another Mr ability food.', 'Rise next best drive evidence which left.') ON CONFLICT DO NOTHING; 
INSERT INTO eventtasks(id, eventid, description, goal) VALUES ('63f0f929-0ba9-4e70-a1f9-39265d56d5cd', '853d0da5-17cc-46b9-9f77-88816a4c7986', 'Police season federal gas.', 'Air glass develop performance our up.') ON CONFLICT DO NOTHING; 
INSERT INTO eventtasks(id, eventid, description, goal) VALUES ('083da672-a96d-4d34-ba4b-b914b578c515', '853d0da5-17cc-46b9-9f77-88816a4c7986', 'Always skill size center meet catch even.', 'Either wall visit store forget conference prepare.') ON CONFLICT DO NOTHING; 
INSERT INTO eventtasks(id, eventid, description, goal) VALUES ('611ad9a1-1bcc-4e34-a5d3-2083f544baec', '8ef8528d-ddd5-487d-bb13-5325394f98ef', 'Thousand page item power.', 'Dream team article right occur consider check should.') ON CONFLICT DO NOTHING; 
INSERT INTO eventtasks(id, eventid, description, goal) VALUES ('9973e1f4-32a9-4671-a2f4-93d2572c0dda', '46fc8eaa-7456-46e0-9a6a-5188a3267d0a', 'Social mean wide side speak with later.', 'Reality impact prove political similar huge keep.') ON CONFLICT DO NOTHING; 
INSERT INTO eventtasks(id, eventid, description, goal) VALUES ('b9b2a270-538b-4fcc-a2d3-5420106d127f', '18646a8b-9172-415c-9494-905821e25ec7', 'Movement special support theory magazine.', 'Which him network quickly series for travel.') ON CONFLICT DO NOTHING; 
INSERT INTO eventtasks(id, eventid, description, goal) VALUES ('47a9b60d-db78-4525-9445-5579eb320e3b', '4124cc66-95ef-4c5f-b5d1-dc9a943f0593', 'Green possible film carry agree.', 'Behavior sometimes order sit site.') ON CONFLICT DO NOTHING; 
INSERT INTO eventtasks(id, eventid, description, goal) VALUES ('914d0675-a2b4-4426-a403-c51253df78a7', '1e153d76-5e56-40a4-99da-364533c7d609', 'Son car traditional.', 'List home baby leave show much improve those.') ON CONFLICT DO NOTHING; 
INSERT INTO eventtasks(id, eventid, description, goal) VALUES ('63099078-496f-45d8-8f19-73cf689e7d18', 'bdcbe499-9355-44c7-b53f-22f56c7265bf', 'Firm consumer beautiful relationship size.', 'Protect political official could color.') ON CONFLICT DO NOTHING; 
INSERT INTO eventtasks(id, eventid, description, goal) VALUES ('386015be-f540-47ba-a4b8-9b1a12849087', '21914ea6-8a0e-48ee-bc5c-66213d64ba6f', 'Show head and heart foot among listen.', 'Available owner system great think.') ON CONFLICT DO NOTHING; 
INSERT INTO eventtasks(id, eventid, description, goal) VALUES ('239272a4-d9cc-4c12-9e07-f47b74a192f3', '4124cc66-95ef-4c5f-b5d1-dc9a943f0593', 'Scene reach real.', 'In soon individual question standard.') ON CONFLICT DO NOTHING; 
INSERT INTO eventtasks(id, eventid, description, goal) VALUES ('9f52661a-d174-4879-a16f-529aac36397c', 'f18db14b-3de9-4716-893c-1661671ed282', 'Economy since blue difference into.', 'Might next tax father grow system.') ON CONFLICT DO NOTHING; 
INSERT INTO eventtasks(id, eventid, description, goal) VALUES ('a29194bd-8c24-4713-87ab-6c88367c0969', '9606ae44-ebec-49b8-9e39-7f8b3d0c4cdc', 'Share avoid treat financial.', 'Skill themselves serve series.') ON CONFLICT DO NOTHING; 
INSERT INTO eventtasks(id, eventid, description, goal) VALUES ('079fdac8-b464-4254-9b4e-afed00ae7856', '853d0da5-17cc-46b9-9f77-88816a4c7986', 'Listen visit politics morning marriage.', 'Value morning because threat.') ON CONFLICT DO NOTHING; 
INSERT INTO eventtasks(id, eventid, description, goal) VALUES ('360d1329-2063-4acf-a40c-ed7052979602', '9606ae44-ebec-49b8-9e39-7f8b3d0c4cdc', 'His under crime north.', 'That talk hospital six amount environmental some.') ON CONFLICT DO NOTHING; 
INSERT INTO eventtasks(id, eventid, description, goal) VALUES ('c4ccd251-0076-4e64-bded-fede558296fb', '8ef8528d-ddd5-487d-bb13-5325394f98ef', 'Either once when before defense.', 'Stay wonder know.') ON CONFLICT DO NOTHING; 
INSERT INTO eventtasks(id, eventid, description, goal) VALUES ('19980fee-c216-4a97-9f92-a3a3f7a0df3a', '18646a8b-9172-415c-9494-905821e25ec7', 'Position agent choice page everybody.', 'Able daughter economy hair.') ON CONFLICT DO NOTHING; 
INSERT INTO eventtasks(id, eventid, description, goal) VALUES ('332998a8-3a93-45f8-a854-4fa0f9714d04', 'f1a2efda-f905-4120-8e5a-c2f2d60e578a', 'Keep nor use.', 'Program often establish.') ON CONFLICT DO NOTHING; 
INSERT INTO eventtasks(id, eventid, description, goal) VALUES ('a742ff1a-eab0-4b61-a449-a2a78b097e39', 'ea161e6e-5fce-4c13-bdf3-2f0c760e91bf', 'Quickly part series now per since.', 'Within figure recently much another.') ON CONFLICT DO NOTHING; 
INSERT INTO eventtasks(id, eventid, description, goal) VALUES ('6bda3525-62c4-4c07-a930-974cca273291', '4124cc66-95ef-4c5f-b5d1-dc9a943f0593', 'Through want mouth again charge.', 'Sound system political myself paper.') ON CONFLICT DO NOTHING; 
INSERT INTO eventtasks(id, eventid, description, goal) VALUES ('92543e1a-00d2-4bd6-973b-d86bd92f5c14', 'c44840dd-be63-4e4b-af7b-0f198aaf74bf', 'Floor hard take try above.', 'Energy economic grow your fire.') ON CONFLICT DO NOTHING; 
INSERT INTO eventtasks(id, eventid, description, goal) VALUES ('21ea5300-5535-4821-b80e-0df3a663bdb5', '18646a8b-9172-415c-9494-905821e25ec7', 'Field improve him.', 'White able former in scene.') ON CONFLICT DO NOTHING; 
INSERT INTO eventtasks(id, eventid, description, goal) VALUES ('5a61b5b5-eb3d-463b-8f96-1481fcf37652', '18646a8b-9172-415c-9494-905821e25ec7', 'Win leader possible low.', 'His form natural include society trial chair month.') ON CONFLICT DO NOTHING; 
INSERT INTO eventtasks(id, eventid, description, goal) VALUES ('801d25ce-6164-456d-b0c2-dc790be95199', 'b7333ae3-dc3c-46e7-86ea-1572499b8dd7', 'Debate second democratic soldier order several.', 'Discuss quality social.') ON CONFLICT DO NOTHING; 
INSERT INTO eventtasks(id, eventid, description, goal) VALUES ('808f438a-f036-4167-b46c-9361bb8d28a8', '853d0da5-17cc-46b9-9f77-88816a4c7986', 'Ground only enough between end spring.', 'It none employee his.') ON CONFLICT DO NOTHING; 
INSERT INTO eventtasks(id, eventid, description, goal) VALUES ('fb243550-b1d9-42a2-92be-b52c97651c5b', '18646a8b-9172-415c-9494-905821e25ec7', 'After your security after and herself learn.', 'Must sometimes consider part.') ON CONFLICT DO NOTHING; 
INSERT INTO eventtasks(id, eventid, description, goal) VALUES ('f835d56f-aee5-417b-aa4d-53fb1bdd55d5', '21914ea6-8a0e-48ee-bc5c-66213d64ba6f', 'Enjoy professional cut oil movement relationship exactly letter.', 'Best she truth bed large.') ON CONFLICT DO NOTHING; 
INSERT INTO eventtasks(id, eventid, description, goal) VALUES ('8790b907-504f-4087-9e46-7186d776eb24', '8ef8528d-ddd5-487d-bb13-5325394f98ef', 'Human people sense collection poor.', 'Plant level them test laugh kitchen statement.') ON CONFLICT DO NOTHING; 
INSERT INTO eventtasks(id, eventid, description, goal) VALUES ('5498b0b1-359d-4cf5-988e-8910a1c5d4d8', '8ef8528d-ddd5-487d-bb13-5325394f98ef', 'Most difference charge television bar.', 'Employee member political fire American system dream section.') ON CONFLICT DO NOTHING; 
INSERT INTO eventtasks(id, eventid, description, goal) VALUES ('69b1c9a6-d2a1-425a-b1c3-fcc1cbdf57d9', '21914ea6-8a0e-48ee-bc5c-66213d64ba6f', 'Event statement allow between she song lead.', 'Agree himself allow far woman amount population skill.') ON CONFLICT DO NOTHING; 
INSERT INTO eventtasks(id, eventid, description, goal) VALUES ('1e004b57-d283-4cc1-83d9-f3fdacd617a1', 'f1a2efda-f905-4120-8e5a-c2f2d60e578a', 'Blue mention visit station.', 'Listen learn star fear go much.') ON CONFLICT DO NOTHING; 
INSERT INTO eventtasks(id, eventid, description, goal) VALUES ('6abc6344-02cb-4583-8728-df4a92b01706', 'f18db14b-3de9-4716-893c-1661671ed282', 'Single question all night speech now.', 'Scientist may property include cut billion.') ON CONFLICT DO NOTHING; 
INSERT INTO eventtasks(id, eventid, description, goal) VALUES ('48b5e114-b684-4cdc-a166-2b3dc1e262d0', 'b9bea810-2a6f-443c-965c-4210f4e5a958', 'Door fear space feeling member do shoulder.', 'Food thought raise matter including difficult animal.') ON CONFLICT DO NOTHING; 
INSERT INTO eventtasks(id, eventid, description, goal) VALUES ('75447e53-dab8-44c2-b2f2-76916f3089e8', 'bdcbe499-9355-44c7-b53f-22f56c7265bf', 'Less method table form grow debate.', 'Store economy western each sense health.') ON CONFLICT DO NOTHING; 
INSERT INTO eventtasks(id, eventid, description, goal) VALUES ('e0aa1e0f-5af1-4c46-8f76-645cce1a8fd8', 'b9bea810-2a6f-443c-965c-4210f4e5a958', 'Coach will those conference deep detail.', 'Later wide take mind system poor.') ON CONFLICT DO NOTHING; 
INSERT INTO eventtasks(id, eventid, description, goal) VALUES ('d11e879a-b8fe-4b8e-975c-4cdbbe2eb254', '4124cc66-95ef-4c5f-b5d1-dc9a943f0593', 'War card whom show land none.', 'Owner sport in third.') ON CONFLICT DO NOTHING; 
INSERT INTO eventtasks(id, eventid, description, goal) VALUES ('447ab023-3c16-4e5c-b514-39927453f8a1', '18646a8b-9172-415c-9494-905821e25ec7', 'Eye identify find.', 'Board laugh state security low receive campaign set.') ON CONFLICT DO NOTHING; 
INSERT INTO eventtasks(id, eventid, description, goal) VALUES ('5c312516-f748-4965-94df-b0f2ed3d101b', '46fc8eaa-7456-46e0-9a6a-5188a3267d0a', 'Serious lead start weight American nothing.', 'Win tend serve across class than media.') ON CONFLICT DO NOTHING; 
INSERT INTO eventtasks(id, eventid, description, goal) VALUES ('e305a1c1-2451-4aa2-96a8-656b0c58bbd3', '9606ae44-ebec-49b8-9e39-7f8b3d0c4cdc', 'Among form quite cup.', 'Of operation and majority benefit pretty.') ON CONFLICT DO NOTHING; 
INSERT INTO eventtasks(id, eventid, description, goal) VALUES ('48f76ebe-bdb9-4375-9d14-9948ea7e4624', 'f1a2efda-f905-4120-8e5a-c2f2d60e578a', 'Establish model approach soldier.', 'Next could kitchen pay time people alone.') ON CONFLICT DO NOTHING; 
INSERT INTO eventtasks(id, eventid, description, goal) VALUES ('e8140ceb-8244-47c0-9738-36acd8f3222f', '9606ae44-ebec-49b8-9e39-7f8b3d0c4cdc', 'Fire end student brother region every.', 'Author their since option I feel.') ON CONFLICT DO NOTHING; 
INSERT INTO eventtasks(id, eventid, description, goal) VALUES ('58114d84-161e-441b-b699-133b6f6b0644', 'a7affde3-6b83-48f5-813a-31ec491765d5', 'Activity then part.', 'Someone travel this building series defense.') ON CONFLICT DO NOTHING; 
INSERT INTO eventtasks(id, eventid, description, goal) VALUES ('82c90472-14af-4501-a6ba-d24e64c1ec48', '8ef8528d-ddd5-487d-bb13-5325394f98ef', 'Company just eat spend street.', 'Mind traditional gas very happy become he.') ON CONFLICT DO NOTHING; 
INSERT INTO eventtasks(id, eventid, description, goal) VALUES ('bc1745da-ea2c-407c-ad20-3b21404955b5', 'b7333ae3-dc3c-46e7-86ea-1572499b8dd7', 'Issue ball suddenly culture.', 'Increase culture ask place.') ON CONFLICT DO NOTHING; 
INSERT INTO eventtasks(id, eventid, description, goal) VALUES ('d9ad400c-9869-4006-a732-18901f69a0cd', '18646a8b-9172-415c-9494-905821e25ec7', 'Paper sort argue painting.', 'Crime no require news week thousand whom.') ON CONFLICT DO NOTHING; 
INSERT INTO eventtasks(id, eventid, description, goal) VALUES ('b008e172-ffa3-47d6-89fd-220098489e73', '8ef8528d-ddd5-487d-bb13-5325394f98ef', 'Glass generation body ground quality.', 'Upon strong event bag happy.') ON CONFLICT DO NOTHING; 
INSERT INTO eventtasks(id, eventid, description, goal) VALUES ('c26a9b97-0891-4835-b748-d84b7714af14', '8914e697-e934-42cb-abd1-101fd517692c', 'Animal generation put.', 'Thank bit here level edge enjoy.') ON CONFLICT DO NOTHING; 
INSERT INTO eventtasks(id, eventid, description, goal) VALUES ('fc2cc0ab-5c45-4bf4-9f8b-bdf18e54d021', 'b7333ae3-dc3c-46e7-86ea-1572499b8dd7', 'High require director relationship main wear.', 'Product all tonight must office money.') ON CONFLICT DO NOTHING; 
INSERT INTO eventtasks(id, eventid, description, goal) VALUES ('4ca441bf-c12f-4746-a152-be8cbeea111b', '8ef8528d-ddd5-487d-bb13-5325394f98ef', 'Pressure fly put any million.', 'Individual country little peace.') ON CONFLICT DO NOTHING; 
INSERT INTO eventtasks(id, eventid, description, goal) VALUES ('0f208cf7-b38f-488c-bc11-22e1686bb976', '8914e697-e934-42cb-abd1-101fd517692c', 'Network threat customer increase approach bed.', 'Company west turn determine that born.') ON CONFLICT DO NOTHING; 
INSERT INTO eventtasks(id, eventid, description, goal) VALUES ('f08a4c9d-2240-430a-bdc2-4380d30ae80a', '4124cc66-95ef-4c5f-b5d1-dc9a943f0593', 'Bank ground just nation become view half.', 'Rock personal first them open.') ON CONFLICT DO NOTHING; 
INSERT INTO eventtasks(id, eventid, description, goal) VALUES ('7eefdc2e-b3d6-4f98-9f7f-98975af85170', 'c44840dd-be63-4e4b-af7b-0f198aaf74bf', 'Everyone agent carry note Democrat reflect newspaper.', 'This fill expert organization alone thought.') ON CONFLICT DO NOTHING; 
INSERT INTO eventtasks(id, eventid, description, goal) VALUES ('a6c789bd-0a71-484d-af24-d033486a4c65', '18646a8b-9172-415c-9494-905821e25ec7', 'About house even notice power put natural.', 'Unit glass information.') ON CONFLICT DO NOTHING; 
INSERT INTO eventtasks(id, eventid, description, goal) VALUES ('f11619c6-5aff-49d9-86d2-522e99c7a7f2', '4be8dc6d-1e52-4649-8312-1c499ebcab93', 'Rest parent culture eye heart.', 'Actually often pretty tough.') ON CONFLICT DO NOTHING; 
INSERT INTO eventtasks(id, eventid, description, goal) VALUES ('dda03534-9dd3-40cb-94b7-fa74277aecc0', 'a7affde3-6b83-48f5-813a-31ec491765d5', 'This activity suddenly do various stop.', 'Type building have most.') ON CONFLICT DO NOTHING; 
INSERT INTO eventtasks(id, eventid, description, goal) VALUES ('ed37fb42-ec1a-4c52-b520-35e53bdeacd2', '46fc8eaa-7456-46e0-9a6a-5188a3267d0a', 'Into fill suggest summer friend three.', 'Someone available model himself would card.') ON CONFLICT DO NOTHING; 
INSERT INTO eventtasks(id, eventid, description, goal) VALUES ('610454f2-2603-47cb-8374-18cbbceb9d56', '18646a8b-9172-415c-9494-905821e25ec7', 'Animal hot down write store.', 'Environmental people arrive.') ON CONFLICT DO NOTHING; 
INSERT INTO eventtasks(id, eventid, description, goal) VALUES ('f03720b8-5093-4fa4-b964-5131724d0079', 'a7affde3-6b83-48f5-813a-31ec491765d5', 'Model behavior lose major whether teacher.', 'Loss enough way usually since.') ON CONFLICT DO NOTHING; 
INSERT INTO eventtasks(id, eventid, description, goal) VALUES ('2d8680ec-a8a8-44af-9401-a27289f884d3', '8ef8528d-ddd5-487d-bb13-5325394f98ef', 'Son energy size beautiful position yourself.', 'Offer for arrive by campaign offer will.') ON CONFLICT DO NOTHING; 
INSERT INTO eventtasks(id, eventid, description, goal) VALUES ('279e8499-dbd0-407a-804e-390e66d6a4fa', '4124cc66-95ef-4c5f-b5d1-dc9a943f0593', 'Whatever already last structure follow statement.', 'Better impact term anything increase operation.') ON CONFLICT DO NOTHING; 
INSERT INTO eventtasks(id, eventid, description, goal) VALUES ('cd5694a6-c180-40cd-9b22-e4a9a1446e95', 'a7affde3-6b83-48f5-813a-31ec491765d5', 'East child two enter building.', 'Several development man current government nice where.') ON CONFLICT DO NOTHING; 
INSERT INTO eventtasks(id, eventid, description, goal) VALUES ('1019ad70-2c8a-485d-8942-8fd959d7016b', '853d0da5-17cc-46b9-9f77-88816a4c7986', 'Room good suggest too ask full.', 'Everyone out it price discover ever.') ON CONFLICT DO NOTHING; 
INSERT INTO eventtasks(id, eventid, description, goal) VALUES ('cb2a46b3-d60c-4e92-82a3-f0a9657c7ce7', 'b7333ae3-dc3c-46e7-86ea-1572499b8dd7', 'People ten social own just hundred.', 'Require outside give carry.') ON CONFLICT DO NOTHING; 
INSERT INTO eventtasks(id, eventid, description, goal) VALUES ('eac6a9ef-6151-48d6-88c8-92ce18475791', '853d0da5-17cc-46b9-9f77-88816a4c7986', 'Bit letter soon attention step.', 'Parent strong manager sport.') ON CONFLICT DO NOTHING; 
INSERT INTO eventtasks(id, eventid, description, goal) VALUES ('37d946c6-4ec7-4cf7-b1a9-67fa722a9481', '4124cc66-95ef-4c5f-b5d1-dc9a943f0593', 'City just down participant knowledge source ask.', 'Wear yourself may.') ON CONFLICT DO NOTHING; 
INSERT INTO eventtasks(id, eventid, description, goal) VALUES ('d711d8e4-2920-4974-987a-5f7ea2e18d3e', '1e153d76-5e56-40a4-99da-364533c7d609', 'Relationship one major wife.', 'Street both population.') ON CONFLICT DO NOTHING; 
INSERT INTO eventtasks(id, eventid, description, goal) VALUES ('eb2f63bf-33f5-4b5e-8fc7-67f61f3bed3d', '8338ad81-00c5-4c58-8d7d-6e265d94249e', 'Stuff head exactly remember save song.', 'Four well race.') ON CONFLICT DO NOTHING; 
INSERT INTO eventtasks(id, eventid, description, goal) VALUES ('a6ef8381-ef99-4052-b875-9194d43e25e8', 'bdcbe499-9355-44c7-b53f-22f56c7265bf', 'Institution watch establish week table service.', 'Successful they common page west line.') ON CONFLICT DO NOTHING; 
INSERT INTO eventtasks(id, eventid, description, goal) VALUES ('0305b8eb-df69-4d4e-8c1a-da54b6b1695a', 'bdcbe499-9355-44c7-b53f-22f56c7265bf', 'Establish wind would how side.', 'Protect improve common improve hard how man.') ON CONFLICT DO NOTHING; 
INSERT INTO eventtasks(id, eventid, description, goal) VALUES ('20f65632-4f2c-46aa-8f91-3178a3126d34', '21914ea6-8a0e-48ee-bc5c-66213d64ba6f', 'But much ten American where agreement.', 'Believe people follow establish interesting yard.') ON CONFLICT DO NOTHING; 
INSERT INTO eventtasks(id, eventid, description, goal) VALUES ('04baf9b4-a775-44b2-bb01-721ece2a2584', 'b3c607ad-9b10-44f8-aa28-9dccff8c54e8', 'Scene always husband its easy play.', 'Activity local fund current scene fine mission technology.') ON CONFLICT DO NOTHING; 
INSERT INTO eventtasks(id, eventid, description, goal) VALUES ('7f924c03-5a39-4eca-ba93-4de9ce5dbf97', '4be8dc6d-1e52-4649-8312-1c499ebcab93', 'Commercial leg decision person use age entire.', 'Professional eat kitchen minute somebody evidence.') ON CONFLICT DO NOTHING; 
INSERT INTO eventtasks(id, eventid, description, goal) VALUES ('fc0e82ce-fcd9-46aa-a763-8fac98d125e9', '21914ea6-8a0e-48ee-bc5c-66213d64ba6f', 'Reality collection group writer indeed stock.', 'Lead executive stop election.') ON CONFLICT DO NOTHING; 
INSERT INTO eventtasks(id, eventid, description, goal) VALUES ('2ed407c8-1b01-4dbe-b0d4-4e887d1a4c5c', 'b3c607ad-9b10-44f8-aa28-9dccff8c54e8', 'Join down positive across argue sister.', 'Beat take anyone call difference magazine.') ON CONFLICT DO NOTHING; 
INSERT INTO eventtasks(id, eventid, description, goal) VALUES ('7406c2d8-13e1-4973-9c66-e48eda5071f7', 'b9bea810-2a6f-443c-965c-4210f4e5a958', 'Event pull effect natural between.', 'Economic grow way live.') ON CONFLICT DO NOTHING; 
INSERT INTO eventtasks(id, eventid, description, goal) VALUES ('637a9ba3-ffa0-4481-9502-8e404ee52b5b', 'b3c607ad-9b10-44f8-aa28-9dccff8c54e8', 'Head animal force while.', 'Life along each attack here personal organization.') ON CONFLICT DO NOTHING; 
INSERT INTO eventtasks(id, eventid, description, goal) VALUES ('c9d3917b-06f2-45ba-bc5d-72ec2a6809e1', '9606ae44-ebec-49b8-9e39-7f8b3d0c4cdc', 'Wide relationship wrong inside American method them.', 'Day happen represent wife simply.') ON CONFLICT DO NOTHING; 
INSERT INTO eventtasks(id, eventid, description, goal) VALUES ('a43f4c73-ebb4-460f-9af2-eebf38603362', '1e153d76-5e56-40a4-99da-364533c7d609', 'Somebody land their left.', 'Material trial member again.') ON CONFLICT DO NOTHING; 
INSERT INTO eventtasks(id, eventid, description, goal) VALUES ('cd7fffff-1a43-4ffa-89d8-f3090b1d6de9', 'bdcbe499-9355-44c7-b53f-22f56c7265bf', 'Same structure area kind.', 'Future this forget.') ON CONFLICT DO NOTHING; 
INSERT INTO eventtasks(id, eventid, description, goal) VALUES ('fb52b93e-47b9-4fb9-8282-6d9ec2aa92ab', '8338ad81-00c5-4c58-8d7d-6e265d94249e', 'Dinner how water various political treat serve.', 'Serious traditional around power.') ON CONFLICT DO NOTHING; 
INSERT INTO eventtasks(id, eventid, description, goal) VALUES ('f351a2ce-2f60-48e8-b963-8c25c99565ac', '9606ae44-ebec-49b8-9e39-7f8b3d0c4cdc', 'Soldier development reach chair ten feel summer.', 'Accept than despite put identify build.') ON CONFLICT DO NOTHING; 
INSERT INTO eventtasks(id, eventid, description, goal) VALUES ('2d53a4bf-f690-4447-8622-a8e4203bf806', 'b7333ae3-dc3c-46e7-86ea-1572499b8dd7', 'Model green table cell your author.', 'Music out here since.') ON CONFLICT DO NOTHING; 
INSERT INTO eventtasks(id, eventid, description, goal) VALUES ('ec7af1fe-9204-4fd6-b9a4-eb9266cbbb87', 'b9bea810-2a6f-443c-965c-4210f4e5a958', 'Majority home hospital social power opportunity.', 'Name later either writer animal tax.') ON CONFLICT DO NOTHING; 
INSERT INTO eventtasks(id, eventid, description, goal) VALUES ('d24e2beb-8644-4e2d-ba34-6232717d90e1', '853d0da5-17cc-46b9-9f77-88816a4c7986', 'Consumer camera challenge term economy college similar medical.', 'Commercial body yet nearly call book respond third.') ON CONFLICT DO NOTHING; 
INSERT INTO eventtasks(id, eventid, description, goal) VALUES ('7de7fa2d-3dab-4419-b9e9-ce0446cb7de3', 'b3c607ad-9b10-44f8-aa28-9dccff8c54e8', 'Board call chair follow factor usually beautiful meet.', 'Compare their western least himself learn consumer.') ON CONFLICT DO NOTHING; 
INSERT INTO eventtasks(id, eventid, description, goal) VALUES ('627d6140-e22f-44d7-b8ab-f9a4944cc47a', '8338ad81-00c5-4c58-8d7d-6e265d94249e', 'Really will real again.', 'Then call hand.') ON CONFLICT DO NOTHING; 
INSERT INTO eventtasks(id, eventid, description, goal) VALUES ('daf9deb1-01f0-4901-924e-f3bb7e5402e2', 'b7333ae3-dc3c-46e7-86ea-1572499b8dd7', 'No once land season.', 'Do wall hospital instead interview himself.') ON CONFLICT DO NOTHING; 
INSERT INTO eventtasks(id, eventid, description, goal) VALUES ('79bbe549-3a88-40b9-affb-9ec3cbef4c43', '18646a8b-9172-415c-9494-905821e25ec7', 'Throw out dinner apply.', 'Remain stop management case reality.') ON CONFLICT DO NOTHING; 
INSERT INTO taskassignment(taskid, volounteerid) VALUES ('daf9deb1-01f0-4901-924e-f3bb7e5402e2', '6ceab7cf-0592-4469-9bc2-6c1a1d6110be') ON CONFLICT DO NOTHING;
INSERT INTO taskassignment(taskid, volounteerid) VALUES ('31e92a3c-1688-4fae-80e6-621f0ab9db88', '86321adb-67e6-4c0b-96e2-42be93acd42c') ON CONFLICT DO NOTHING;
INSERT INTO taskassignment(taskid, volounteerid) VALUES ('48f76ebe-bdb9-4375-9d14-9948ea7e4624', 'd96ee78e-26d6-401d-b917-1ff1e75632af') ON CONFLICT DO NOTHING;
INSERT INTO taskassignment(taskid, volounteerid) VALUES ('ed37fb42-ec1a-4c52-b520-35e53bdeacd2', '3c24c716-b4ee-4e84-a47e-9b111e7293e8') ON CONFLICT DO NOTHING;
INSERT INTO taskassignment(taskid, volounteerid) VALUES ('47a9b60d-db78-4525-9445-5579eb320e3b', '1c6a47f3-e613-434a-881a-932c9b226fe1') ON CONFLICT DO NOTHING;
INSERT INTO taskassignment(taskid, volounteerid) VALUES ('a148d1f5-b66c-49df-9c1e-e5b15fd0e0eb', '8c23f03e-456e-4c97-9e7f-e2c474a574d2') ON CONFLICT DO NOTHING;
INSERT INTO taskassignment(taskid, volounteerid) VALUES ('386015be-f540-47ba-a4b8-9b1a12849087', '0e0ca403-cd62-4d36-873f-3164a4fd2a6d') ON CONFLICT DO NOTHING;
INSERT INTO taskassignment(taskid, volounteerid) VALUES ('e305a1c1-2451-4aa2-96a8-656b0c58bbd3', 'eec3924c-13ea-4387-ac2a-db2411a1eb6f') ON CONFLICT DO NOTHING;
INSERT INTO taskassignment(taskid, volounteerid) VALUES ('20f65632-4f2c-46aa-8f91-3178a3126d34', 'd8a51ebe-6691-4ac3-a395-8f48bb878496') ON CONFLICT DO NOTHING;
INSERT INTO taskassignment(taskid, volounteerid) VALUES ('69b1c9a6-d2a1-425a-b1c3-fcc1cbdf57d9', '8cd5ee1c-56de-4318-8e6d-ae05c415dabf') ON CONFLICT DO NOTHING;
INSERT INTO taskassignment(taskid, volounteerid) VALUES ('1e004b57-d283-4cc1-83d9-f3fdacd617a1', '50ffd3cf-3ac3-46b1-9b44-b632e09e50c5') ON CONFLICT DO NOTHING;
INSERT INTO taskassignment(taskid, volounteerid) VALUES ('051e1bff-62a7-42ad-8007-2c487d67d07b', 'b7dd5cef-52de-4b1c-9840-28bf3f7f0095') ON CONFLICT DO NOTHING;
INSERT INTO taskassignment(taskid, volounteerid) VALUES ('fb243550-b1d9-42a2-92be-b52c97651c5b', '0dbc44a4-49a1-4479-8f1a-870af0fbe6a6') ON CONFLICT DO NOTHING;
INSERT INTO taskassignment(taskid, volounteerid) VALUES ('c9d3917b-06f2-45ba-bc5d-72ec2a6809e1', '68a08365-b98c-43d3-ad84-c8b74e4cce94') ON CONFLICT DO NOTHING;
INSERT INTO taskassignment(taskid, volounteerid) VALUES ('48f76ebe-bdb9-4375-9d14-9948ea7e4624', '31385804-a27a-4769-aaa4-33d3b155c99f') ON CONFLICT DO NOTHING;
INSERT INTO taskassignment(taskid, volounteerid) VALUES ('63099078-496f-45d8-8f19-73cf689e7d18', 'cee5ed31-0df2-4c45-8689-289b555ee1c1') ON CONFLICT DO NOTHING;
INSERT INTO taskassignment(taskid, volounteerid) VALUES ('75447e53-dab8-44c2-b2f2-76916f3089e8', 'a95df91b-945f-4a2e-a565-bed4530aba52') ON CONFLICT DO NOTHING;
INSERT INTO taskassignment(taskid, volounteerid) VALUES ('79bbe549-3a88-40b9-affb-9ec3cbef4c43', '52903050-e531-4dc1-9c1f-2dd45a50fd75') ON CONFLICT DO NOTHING;
INSERT INTO taskassignment(taskid, volounteerid) VALUES ('21ea5300-5535-4821-b80e-0df3a663bdb5', 'd96ee78e-26d6-401d-b917-1ff1e75632af') ON CONFLICT DO NOTHING;
INSERT INTO taskassignment(taskid, volounteerid) VALUES ('ab690f90-6529-4a72-891b-9e4e68db511a', 'b9d497ba-9525-4273-bdef-f9faf47d9b7e') ON CONFLICT DO NOTHING;
INSERT INTO taskassignment(taskid, volounteerid) VALUES ('78333dee-25c6-4f3b-9e45-477af69923c1', '1c6a47f3-e613-434a-881a-932c9b226fe1') ON CONFLICT DO NOTHING;
INSERT INTO taskassignment(taskid, volounteerid) VALUES ('b9b2a270-538b-4fcc-a2d3-5420106d127f', '854f0ea5-9177-4334-945a-5caaa29b6bb2') ON CONFLICT DO NOTHING;
INSERT INTO taskassignment(taskid, volounteerid) VALUES ('fc2cc0ab-5c45-4bf4-9f8b-bdf18e54d021', '222f75d0-6970-45a0-a459-cdaec272c079') ON CONFLICT DO NOTHING;
INSERT INTO taskassignment(taskid, volounteerid) VALUES ('d711d8e4-2920-4974-987a-5f7ea2e18d3e', '5848ed73-de39-491d-aa35-2ffd6f870c2e') ON CONFLICT DO NOTHING;
INSERT INTO taskassignment(taskid, volounteerid) VALUES ('20f65632-4f2c-46aa-8f91-3178a3126d34', '0dbc44a4-49a1-4479-8f1a-870af0fbe6a6') ON CONFLICT DO NOTHING;
INSERT INTO taskassignment(taskid, volounteerid) VALUES ('92543e1a-00d2-4bd6-973b-d86bd92f5c14', 'e1353cfa-3d90-4288-a9a3-8a421831812e') ON CONFLICT DO NOTHING;
INSERT INTO taskassignment(taskid, volounteerid) VALUES ('1e1af971-056b-4671-888d-8bbcf53d609e', '27371228-c5f4-4c53-8286-e721afb7aff3') ON CONFLICT DO NOTHING;
INSERT INTO taskassignment(taskid, volounteerid) VALUES ('6abc6344-02cb-4583-8728-df4a92b01706', '1c6a47f3-e613-434a-881a-932c9b226fe1') ON CONFLICT DO NOTHING;
INSERT INTO taskassignment(taskid, volounteerid) VALUES ('f11619c6-5aff-49d9-86d2-522e99c7a7f2', '38241eaa-3a4f-4b49-8fc7-7526a4b9130b') ON CONFLICT DO NOTHING;
INSERT INTO taskassignment(taskid, volounteerid) VALUES ('fc2cc0ab-5c45-4bf4-9f8b-bdf18e54d021', '7794904f-e6cf-4609-acbf-ba659675c803') ON CONFLICT DO NOTHING;
INSERT INTO taskassignment(taskid, volounteerid) VALUES ('04baf9b4-a775-44b2-bb01-721ece2a2584', '0dbc44a4-49a1-4479-8f1a-870af0fbe6a6') ON CONFLICT DO NOTHING;
INSERT INTO taskassignment(taskid, volounteerid) VALUES ('b008e172-ffa3-47d6-89fd-220098489e73', '45faf521-c60a-44ec-bb79-e8be90cea97d') ON CONFLICT DO NOTHING;
INSERT INTO taskassignment(taskid, volounteerid) VALUES ('801d25ce-6164-456d-b0c2-dc790be95199', '48b2ed37-31f0-4805-8a1f-95f280348f4a') ON CONFLICT DO NOTHING;
INSERT INTO taskassignment(taskid, volounteerid) VALUES ('c4ccd251-0076-4e64-bded-fede558296fb', 'ef15f6c3-9d08-4158-9533-c585f0538aa0') ON CONFLICT DO NOTHING;
INSERT INTO taskassignment(taskid, volounteerid) VALUES ('78333dee-25c6-4f3b-9e45-477af69923c1', '9261fa79-30d0-43f8-b914-88116afc8ee3') ON CONFLICT DO NOTHING;
INSERT INTO taskassignment(taskid, volounteerid) VALUES ('2ed407c8-1b01-4dbe-b0d4-4e887d1a4c5c', '27371228-c5f4-4c53-8286-e721afb7aff3') ON CONFLICT DO NOTHING;
INSERT INTO taskassignment(taskid, volounteerid) VALUES ('0305b8eb-df69-4d4e-8c1a-da54b6b1695a', 'a95df91b-945f-4a2e-a565-bed4530aba52') ON CONFLICT DO NOTHING;
INSERT INTO taskassignment(taskid, volounteerid) VALUES ('f03720b8-5093-4fa4-b964-5131724d0079', '4286d3c8-f25c-4f2b-8c1f-2b4f12c9713a') ON CONFLICT DO NOTHING;
INSERT INTO taskassignment(taskid, volounteerid) VALUES ('e0aa1e0f-5af1-4c46-8f76-645cce1a8fd8', 'c20ba9c9-ab6c-4433-880f-b66f191b0e86') ON CONFLICT DO NOTHING;
INSERT INTO taskassignment(taskid, volounteerid) VALUES ('b008e172-ffa3-47d6-89fd-220098489e73', 'd17ff5f9-7d34-487d-b360-07f7a20da75c') ON CONFLICT DO NOTHING;
INSERT INTO taskassignment(taskid, volounteerid) VALUES ('31e92a3c-1688-4fae-80e6-621f0ab9db88', '5b7621c9-56ab-46f2-951f-3880bc802ca6') ON CONFLICT DO NOTHING;
INSERT INTO taskassignment(taskid, volounteerid) VALUES ('dda03534-9dd3-40cb-94b7-fa74277aecc0', '0e0ca403-cd62-4d36-873f-3164a4fd2a6d') ON CONFLICT DO NOTHING;
INSERT INTO taskassignment(taskid, volounteerid) VALUES ('92543e1a-00d2-4bd6-973b-d86bd92f5c14', '222f75d0-6970-45a0-a459-cdaec272c079') ON CONFLICT DO NOTHING;
INSERT INTO taskassignment(taskid, volounteerid) VALUES ('63099078-496f-45d8-8f19-73cf689e7d18', 'cee5ed31-0df2-4c45-8689-289b555ee1c1') ON CONFLICT DO NOTHING;
INSERT INTO taskassignment(taskid, volounteerid) VALUES ('e8140ceb-8244-47c0-9738-36acd8f3222f', '38241eaa-3a4f-4b49-8fc7-7526a4b9130b') ON CONFLICT DO NOTHING;
INSERT INTO taskassignment(taskid, volounteerid) VALUES ('d24e2beb-8644-4e2d-ba34-6232717d90e1', 'e3793d67-77c9-4047-9ea4-f2b09b853f7d') ON CONFLICT DO NOTHING;
INSERT INTO taskassignment(taskid, volounteerid) VALUES ('610454f2-2603-47cb-8374-18cbbceb9d56', '9261fa79-30d0-43f8-b914-88116afc8ee3') ON CONFLICT DO NOTHING;
INSERT INTO taskassignment(taskid, volounteerid) VALUES ('9f52661a-d174-4879-a16f-529aac36397c', 'fa5fd5df-1b29-4a08-bd43-1028653dbf92') ON CONFLICT DO NOTHING;
INSERT INTO taskassignment(taskid, volounteerid) VALUES ('1e004b57-d283-4cc1-83d9-f3fdacd617a1', 'aa1c231e-0dc0-4c05-98ae-1ab5108d58cf') ON CONFLICT DO NOTHING;
INSERT INTO taskassignment(taskid, volounteerid) VALUES ('d11e879a-b8fe-4b8e-975c-4cdbbe2eb254', '518bd3c5-3043-425b-a943-3f513d14d08e') ON CONFLICT DO NOTHING;
INSERT INTO taskassignment(taskid, volounteerid) VALUES ('6bda3525-62c4-4c07-a930-974cca273291', 'c4825db1-47f2-476e-b78f-4645f4511d25') ON CONFLICT DO NOTHING;
INSERT INTO taskassignment(taskid, volounteerid) VALUES ('808f438a-f036-4167-b46c-9361bb8d28a8', 'c20ba9c9-ab6c-4433-880f-b66f191b0e86') ON CONFLICT DO NOTHING;
INSERT INTO taskassignment(taskid, volounteerid) VALUES ('eb2f63bf-33f5-4b5e-8fc7-67f61f3bed3d', '6d9858c9-c6ab-44de-8ccd-c018dcb6980b') ON CONFLICT DO NOTHING;
INSERT INTO taskassignment(taskid, volounteerid) VALUES ('ec7af1fe-9204-4fd6-b9a4-eb9266cbbb87', 'e56f1745-67ad-4b0b-bb6f-f9b47420d8f6') ON CONFLICT DO NOTHING;
INSERT INTO taskassignment(taskid, volounteerid) VALUES ('1e1af971-056b-4671-888d-8bbcf53d609e', '20149580-dd4a-4ca9-a369-c4f31656db24') ON CONFLICT DO NOTHING;
INSERT INTO taskassignment(taskid, volounteerid) VALUES ('f835d56f-aee5-417b-aa4d-53fb1bdd55d5', 'e874bc34-bbf4-427c-b7d0-2487d7904937') ON CONFLICT DO NOTHING;
INSERT INTO taskassignment(taskid, volounteerid) VALUES ('1e1af971-056b-4671-888d-8bbcf53d609e', '9dea17a8-c075-42f0-ad27-2e808fe065e3') ON CONFLICT DO NOTHING;
INSERT INTO taskassignment(taskid, volounteerid) VALUES ('386015be-f540-47ba-a4b8-9b1a12849087', '0dbc44a4-49a1-4479-8f1a-870af0fbe6a6') ON CONFLICT DO NOTHING;
INSERT INTO taskassignment(taskid, volounteerid) VALUES ('610454f2-2603-47cb-8374-18cbbceb9d56', 'd8a51ebe-6691-4ac3-a395-8f48bb878496') ON CONFLICT DO NOTHING;
INSERT INTO taskassignment(taskid, volounteerid) VALUES ('ed37fb42-ec1a-4c52-b520-35e53bdeacd2', '6d9858c9-c6ab-44de-8ccd-c018dcb6980b') ON CONFLICT DO NOTHING;
INSERT INTO taskassignment(taskid, volounteerid) VALUES ('04baf9b4-a775-44b2-bb01-721ece2a2584', 'bec16bae-f8f5-49bf-b2cf-06f011892868') ON CONFLICT DO NOTHING;
INSERT INTO taskassignment(taskid, volounteerid) VALUES ('d4371b70-23f9-4750-8f9a-ce8211519e86', '27371228-c5f4-4c53-8286-e721afb7aff3') ON CONFLICT DO NOTHING;
INSERT INTO taskassignment(taskid, volounteerid) VALUES ('a6c789bd-0a71-484d-af24-d033486a4c65', 'fb45410e-fd0b-45c9-9dd1-a3bf0abb849b') ON CONFLICT DO NOTHING;
INSERT INTO taskassignment(taskid, volounteerid) VALUES ('1f2153e2-2567-4879-bc59-85a4b94aa474', '86321adb-67e6-4c0b-96e2-42be93acd42c') ON CONFLICT DO NOTHING;
INSERT INTO taskassignment(taskid, volounteerid) VALUES ('48f76ebe-bdb9-4375-9d14-9948ea7e4624', '38241eaa-3a4f-4b49-8fc7-7526a4b9130b') ON CONFLICT DO NOTHING;
INSERT INTO taskassignment(taskid, volounteerid) VALUES ('eac6a9ef-6151-48d6-88c8-92ce18475791', '3c3cae20-7824-42a6-ab59-4f4a967ec639') ON CONFLICT DO NOTHING;
INSERT INTO taskassignment(taskid, volounteerid) VALUES ('19980fee-c216-4a97-9f92-a3a3f7a0df3a', '6d9858c9-c6ab-44de-8ccd-c018dcb6980b') ON CONFLICT DO NOTHING;
INSERT INTO taskassignment(taskid, volounteerid) VALUES ('b9b2a270-538b-4fcc-a2d3-5420106d127f', 'a8b412c2-8f4a-4359-98d8-cb2b402452df') ON CONFLICT DO NOTHING;
INSERT INTO taskassignment(taskid, volounteerid) VALUES ('083da672-a96d-4d34-ba4b-b914b578c515', '6fabf62d-881d-4758-9de5-fb613f9d4a58') ON CONFLICT DO NOTHING;
INSERT INTO taskassignment(taskid, volounteerid) VALUES ('2d53a4bf-f690-4447-8622-a8e4203bf806', '5d1005e4-7d50-474b-84e6-086e4334a040') ON CONFLICT DO NOTHING;
INSERT INTO taskassignment(taskid, volounteerid) VALUES ('fc0e82ce-fcd9-46aa-a763-8fac98d125e9', '3c24c716-b4ee-4e84-a47e-9b111e7293e8') ON CONFLICT DO NOTHING;
INSERT INTO taskassignment(taskid, volounteerid) VALUES ('6bda3525-62c4-4c07-a930-974cca273291', '4286d3c8-f25c-4f2b-8c1f-2b4f12c9713a') ON CONFLICT DO NOTHING;
INSERT INTO taskassignment(taskid, volounteerid) VALUES ('ed37fb42-ec1a-4c52-b520-35e53bdeacd2', '014a1d1f-60bb-4c1e-88fc-423d5903152b') ON CONFLICT DO NOTHING;
INSERT INTO taskassignment(taskid, volounteerid) VALUES ('5c312516-f748-4965-94df-b0f2ed3d101b', '31385804-a27a-4769-aaa4-33d3b155c99f') ON CONFLICT DO NOTHING;
INSERT INTO taskassignment(taskid, volounteerid) VALUES ('c4ccd251-0076-4e64-bded-fede558296fb', 'e874bc34-bbf4-427c-b7d0-2487d7904937') ON CONFLICT DO NOTHING;
INSERT INTO taskassignment(taskid, volounteerid) VALUES ('1e1af971-056b-4671-888d-8bbcf53d609e', '9261fa79-30d0-43f8-b914-88116afc8ee3') ON CONFLICT DO NOTHING;
INSERT INTO taskassignment(taskid, volounteerid) VALUES ('5c312516-f748-4965-94df-b0f2ed3d101b', 'a95df91b-945f-4a2e-a565-bed4530aba52') ON CONFLICT DO NOTHING;
INSERT INTO taskassignment(taskid, volounteerid) VALUES ('610454f2-2603-47cb-8374-18cbbceb9d56', '1ec5d74d-d13f-4f89-a1de-5fafb18f069e') ON CONFLICT DO NOTHING;
INSERT INTO taskassignment(taskid, volounteerid) VALUES ('360d1329-2063-4acf-a40c-ed7052979602', '0dbc44a4-49a1-4479-8f1a-870af0fbe6a6') ON CONFLICT DO NOTHING;
INSERT INTO taskassignment(taskid, volounteerid) VALUES ('f03720b8-5093-4fa4-b964-5131724d0079', '25ae64f6-8518-499d-9c9a-4207ebbf0d5a') ON CONFLICT DO NOTHING;
INSERT INTO taskassignment(taskid, volounteerid) VALUES ('92543e1a-00d2-4bd6-973b-d86bd92f5c14', 'ea4fa163-bad7-4f22-ab43-27d9e034891c') ON CONFLICT DO NOTHING;
INSERT INTO taskassignment(taskid, volounteerid) VALUES ('e305a1c1-2451-4aa2-96a8-656b0c58bbd3', 'dd28adb0-d23a-4ffd-be4d-f1b61f5419fa') ON CONFLICT DO NOTHING;
INSERT INTO taskassignment(taskid, volounteerid) VALUES ('279e8499-dbd0-407a-804e-390e66d6a4fa', '96c37429-4b6f-4272-8e3f-da718cf14909') ON CONFLICT DO NOTHING;
INSERT INTO taskassignment(taskid, volounteerid) VALUES ('04baf9b4-a775-44b2-bb01-721ece2a2584', '5d1005e4-7d50-474b-84e6-086e4334a040') ON CONFLICT DO NOTHING;
INSERT INTO taskassignment(taskid, volounteerid) VALUES ('dda03534-9dd3-40cb-94b7-fa74277aecc0', '2fe282c3-c2c8-4678-b3ca-f7b8379c8673') ON CONFLICT DO NOTHING;
INSERT INTO taskassignment(taskid, volounteerid) VALUES ('6bda3525-62c4-4c07-a930-974cca273291', '68a08365-b98c-43d3-ad84-c8b74e4cce94') ON CONFLICT DO NOTHING;
INSERT INTO taskassignment(taskid, volounteerid) VALUES ('4ca441bf-c12f-4746-a152-be8cbeea111b', '8c23f03e-456e-4c97-9e7f-e2c474a574d2') ON CONFLICT DO NOTHING;
INSERT INTO taskassignment(taskid, volounteerid) VALUES ('6abc6344-02cb-4583-8728-df4a92b01706', '9dea17a8-c075-42f0-ad27-2e808fe065e3') ON CONFLICT DO NOTHING;
INSERT INTO taskassignment(taskid, volounteerid) VALUES ('48f76ebe-bdb9-4375-9d14-9948ea7e4624', 'bec16bae-f8f5-49bf-b2cf-06f011892868') ON CONFLICT DO NOTHING;
INSERT INTO taskassignment(taskid, volounteerid) VALUES ('a29194bd-8c24-4713-87ab-6c88367c0969', '9dea17a8-c075-42f0-ad27-2e808fe065e3') ON CONFLICT DO NOTHING;
INSERT INTO taskassignment(taskid, volounteerid) VALUES ('d711d8e4-2920-4974-987a-5f7ea2e18d3e', '128214c7-abe8-46ab-8323-0a7814a902bd') ON CONFLICT DO NOTHING;
INSERT INTO taskassignment(taskid, volounteerid) VALUES ('382e926d-dc55-4322-afe9-b0d89049c636', 'cee5ed31-0df2-4c45-8689-289b555ee1c1') ON CONFLICT DO NOTHING;
INSERT INTO taskassignment(taskid, volounteerid) VALUES ('7406c2d8-13e1-4973-9c66-e48eda5071f7', '4286d3c8-f25c-4f2b-8c1f-2b4f12c9713a') ON CONFLICT DO NOTHING;
INSERT INTO taskassignment(taskid, volounteerid) VALUES ('083da672-a96d-4d34-ba4b-b914b578c515', '9dea17a8-c075-42f0-ad27-2e808fe065e3') ON CONFLICT DO NOTHING;
INSERT INTO taskassignment(taskid, volounteerid) VALUES ('eac6a9ef-6151-48d6-88c8-92ce18475791', '748fcfb4-cfeb-4c30-aa00-9cbb61971c4b') ON CONFLICT DO NOTHING;
INSERT INTO taskassignment(taskid, volounteerid) VALUES ('20f65632-4f2c-46aa-8f91-3178a3126d34', '0dbc44a4-49a1-4479-8f1a-870af0fbe6a6') ON CONFLICT DO NOTHING;
INSERT INTO taskassignment(taskid, volounteerid) VALUES ('360d1329-2063-4acf-a40c-ed7052979602', '624792bc-ba9b-47ae-ab49-99c2d1e57399') ON CONFLICT DO NOTHING;
INSERT INTO taskassignment(taskid, volounteerid) VALUES ('610454f2-2603-47cb-8374-18cbbceb9d56', '3c3cae20-7824-42a6-ab59-4f4a967ec639') ON CONFLICT DO NOTHING;
INSERT INTO taskassignment(taskid, volounteerid) VALUES ('d711d8e4-2920-4974-987a-5f7ea2e18d3e', '839bd51b-c70f-44be-b9a3-d12c6be96334') ON CONFLICT DO NOTHING;
INSERT INTO taskassignment(taskid, volounteerid) VALUES ('a742ff1a-eab0-4b61-a449-a2a78b097e39', 'a8b412c2-8f4a-4359-98d8-cb2b402452df') ON CONFLICT DO NOTHING;
INSERT INTO taskassignment(taskid, volounteerid) VALUES ('ed37fb42-ec1a-4c52-b520-35e53bdeacd2', 'f70df637-95c3-4e6b-8bde-5316661dd5a0') ON CONFLICT DO NOTHING;
INSERT INTO taskassignment(taskid, volounteerid) VALUES ('9973e1f4-32a9-4671-a2f4-93d2572c0dda', '11148c85-6380-406f-8691-c5349b08c40c') ON CONFLICT DO NOTHING;
INSERT INTO taskassignment(taskid, volounteerid) VALUES ('fb52b93e-47b9-4fb9-8282-6d9ec2aa92ab', 'ab6b0ca8-eec7-4000-a07e-0a45ecf397cb') ON CONFLICT DO NOTHING;
INSERT INTO taskassignment(taskid, volounteerid) VALUES ('f08a4c9d-2240-430a-bdc2-4380d30ae80a', 'bf3d699f-f8c6-4fba-9c76-b823204081b7') ON CONFLICT DO NOTHING;
INSERT INTO taskassignment(taskid, volounteerid) VALUES ('ed37fb42-ec1a-4c52-b520-35e53bdeacd2', 'e1353cfa-3d90-4288-a9a3-8a421831812e') ON CONFLICT DO NOTHING;
INSERT INTO taskassignment(taskid, volounteerid) VALUES ('360d1329-2063-4acf-a40c-ed7052979602', '769b335b-2c22-4c14-9f43-dd3cd04fa5eb') ON CONFLICT DO NOTHING;
INSERT INTO taskassignment(taskid, volounteerid) VALUES ('47a9b60d-db78-4525-9445-5579eb320e3b', '11148c85-6380-406f-8691-c5349b08c40c') ON CONFLICT DO NOTHING;
INSERT INTO taskassignment(taskid, volounteerid) VALUES ('0f208cf7-b38f-488c-bc11-22e1686bb976', 'd17ff5f9-7d34-487d-b360-07f7a20da75c') ON CONFLICT DO NOTHING;
INSERT INTO taskassignment(taskid, volounteerid) VALUES ('6bda3525-62c4-4c07-a930-974cca273291', '52903050-e531-4dc1-9c1f-2dd45a50fd75') ON CONFLICT DO NOTHING;
INSERT INTO taskassignment(taskid, volounteerid) VALUES ('2ed407c8-1b01-4dbe-b0d4-4e887d1a4c5c', '8c23f03e-456e-4c97-9e7f-e2c474a574d2') ON CONFLICT DO NOTHING;
INSERT INTO taskassignment(taskid, volounteerid) VALUES ('c4ccd251-0076-4e64-bded-fede558296fb', 'd54cb263-3317-418c-bacc-1ecc28d0d199') ON CONFLICT DO NOTHING;
INSERT INTO taskassignment(taskid, volounteerid) VALUES ('2ed407c8-1b01-4dbe-b0d4-4e887d1a4c5c', 'ef15f6c3-9d08-4158-9533-c585f0538aa0') ON CONFLICT DO NOTHING;
INSERT INTO taskassignment(taskid, volounteerid) VALUES ('360d1329-2063-4acf-a40c-ed7052979602', 'd7e0ae80-4f42-4809-987a-28390074173c') ON CONFLICT DO NOTHING;
INSERT INTO taskassignment(taskid, volounteerid) VALUES ('386015be-f540-47ba-a4b8-9b1a12849087', '4286d3c8-f25c-4f2b-8c1f-2b4f12c9713a') ON CONFLICT DO NOTHING;
INSERT INTO taskassignment(taskid, volounteerid) VALUES ('e305a1c1-2451-4aa2-96a8-656b0c58bbd3', 'bec16bae-f8f5-49bf-b2cf-06f011892868') ON CONFLICT DO NOTHING;
INSERT INTO taskassignment(taskid, volounteerid) VALUES ('eac6a9ef-6151-48d6-88c8-92ce18475791', '45957ab3-6e63-4fb0-8c21-f056bed27d78') ON CONFLICT DO NOTHING;
INSERT INTO taskassignment(taskid, volounteerid) VALUES ('20f65632-4f2c-46aa-8f91-3178a3126d34', 'e56f1745-67ad-4b0b-bb6f-f9b47420d8f6') ON CONFLICT DO NOTHING;
INSERT INTO taskassignment(taskid, volounteerid) VALUES ('7de7fa2d-3dab-4419-b9e9-ce0446cb7de3', 'b7dd5cef-52de-4b1c-9840-28bf3f7f0095') ON CONFLICT DO NOTHING;
INSERT INTO taskassignment(taskid, volounteerid) VALUES ('2ed407c8-1b01-4dbe-b0d4-4e887d1a4c5c', 'f3687fb7-9126-43a1-90b9-556af2964e3e') ON CONFLICT DO NOTHING;
INSERT INTO taskassignment(taskid, volounteerid) VALUES ('6bda3525-62c4-4c07-a930-974cca273291', 'd8a51ebe-6691-4ac3-a395-8f48bb878496') ON CONFLICT DO NOTHING;
INSERT INTO taskassignment(taskid, volounteerid) VALUES ('c9d3917b-06f2-45ba-bc5d-72ec2a6809e1', '45957ab3-6e63-4fb0-8c21-f056bed27d78') ON CONFLICT DO NOTHING;
INSERT INTO taskassignment(taskid, volounteerid) VALUES ('04baf9b4-a775-44b2-bb01-721ece2a2584', '518bd3c5-3043-425b-a943-3f513d14d08e') ON CONFLICT DO NOTHING;
INSERT INTO taskassignment(taskid, volounteerid) VALUES ('75447e53-dab8-44c2-b2f2-76916f3089e8', 'aa1c231e-0dc0-4c05-98ae-1ab5108d58cf') ON CONFLICT DO NOTHING;
INSERT INTO taskassignment(taskid, volounteerid) VALUES ('f835d56f-aee5-417b-aa4d-53fb1bdd55d5', '4d3ee164-fad7-4b91-b9c4-28e88102ea03') ON CONFLICT DO NOTHING;
INSERT INTO taskassignment(taskid, volounteerid) VALUES ('c4ccd251-0076-4e64-bded-fede558296fb', '7db06a9a-f3c3-4238-bb5e-74a97ca65e19') ON CONFLICT DO NOTHING;
INSERT INTO taskassignment(taskid, volounteerid) VALUES ('47a9b60d-db78-4525-9445-5579eb320e3b', 'c4825db1-47f2-476e-b78f-4645f4511d25') ON CONFLICT DO NOTHING;
INSERT INTO taskassignment(taskid, volounteerid) VALUES ('2d8680ec-a8a8-44af-9401-a27289f884d3', 'f70df637-95c3-4e6b-8bde-5316661dd5a0') ON CONFLICT DO NOTHING;
INSERT INTO taskassignment(taskid, volounteerid) VALUES ('0305b8eb-df69-4d4e-8c1a-da54b6b1695a', 'e1353cfa-3d90-4288-a9a3-8a421831812e') ON CONFLICT DO NOTHING;
INSERT INTO taskassignment(taskid, volounteerid) VALUES ('e0aa1e0f-5af1-4c46-8f76-645cce1a8fd8', '0e0ca403-cd62-4d36-873f-3164a4fd2a6d') ON CONFLICT DO NOTHING;
INSERT INTO taskassignment(taskid, volounteerid) VALUES ('6abc6344-02cb-4583-8728-df4a92b01706', 'b7e19eaa-d7ee-4fb8-bd1c-3a60f0bde6bf') ON CONFLICT DO NOTHING;
INSERT INTO taskassignment(taskid, volounteerid) VALUES ('239272a4-d9cc-4c12-9e07-f47b74a192f3', 'e874bc34-bbf4-427c-b7d0-2487d7904937') ON CONFLICT DO NOTHING;
INSERT INTO taskassignment(taskid, volounteerid) VALUES ('48b5e114-b684-4cdc-a166-2b3dc1e262d0', '1c6a47f3-e613-434a-881a-932c9b226fe1') ON CONFLICT DO NOTHING;
INSERT INTO taskassignment(taskid, volounteerid) VALUES ('23a0d762-0f54-4519-a3d2-a60fea47d251', 'ab6b0ca8-eec7-4000-a07e-0a45ecf397cb') ON CONFLICT DO NOTHING;
INSERT INTO taskassignment(taskid, volounteerid) VALUES ('2d8680ec-a8a8-44af-9401-a27289f884d3', 'd8a51ebe-6691-4ac3-a395-8f48bb878496') ON CONFLICT DO NOTHING;
INSERT INTO taskassignment(taskid, volounteerid) VALUES ('ed37fb42-ec1a-4c52-b520-35e53bdeacd2', '5d1005e4-7d50-474b-84e6-086e4334a040') ON CONFLICT DO NOTHING;
INSERT INTO taskassignment(taskid, volounteerid) VALUES ('2d8680ec-a8a8-44af-9401-a27289f884d3', '014a1d1f-60bb-4c1e-88fc-423d5903152b') ON CONFLICT DO NOTHING;
INSERT INTO taskassignment(taskid, volounteerid) VALUES ('6bda3525-62c4-4c07-a930-974cca273291', 'fb45410e-fd0b-45c9-9dd1-a3bf0abb849b') ON CONFLICT DO NOTHING;
INSERT INTO taskassignment(taskid, volounteerid) VALUES ('a742ff1a-eab0-4b61-a449-a2a78b097e39', 'd96ee78e-26d6-401d-b917-1ff1e75632af') ON CONFLICT DO NOTHING;
INSERT INTO taskassignment(taskid, volounteerid) VALUES ('083da672-a96d-4d34-ba4b-b914b578c515', 'c20ba9c9-ab6c-4433-880f-b66f191b0e86') ON CONFLICT DO NOTHING;
INSERT INTO taskassignment(taskid, volounteerid) VALUES ('cd7fffff-1a43-4ffa-89d8-f3090b1d6de9', 'eec3924c-13ea-4387-ac2a-db2411a1eb6f') ON CONFLICT DO NOTHING;
INSERT INTO taskassignment(taskid, volounteerid) VALUES ('82c90472-14af-4501-a6ba-d24e64c1ec48', 'bd94cfd3-7018-415f-9144-83096f947ba7') ON CONFLICT DO NOTHING;
INSERT INTO taskassignment(taskid, volounteerid) VALUES ('a6c789bd-0a71-484d-af24-d033486a4c65', '9dea17a8-c075-42f0-ad27-2e808fe065e3') ON CONFLICT DO NOTHING;
INSERT INTO taskassignment(taskid, volounteerid) VALUES ('279e8499-dbd0-407a-804e-390e66d6a4fa', '3c3cae20-7824-42a6-ab59-4f4a967ec639') ON CONFLICT DO NOTHING;
INSERT INTO taskassignment(taskid, volounteerid) VALUES ('31e92a3c-1688-4fae-80e6-621f0ab9db88', '8c23f03e-456e-4c97-9e7f-e2c474a574d2') ON CONFLICT DO NOTHING;
INSERT INTO taskassignment(taskid, volounteerid) VALUES ('637a9ba3-ffa0-4481-9502-8e404ee52b5b', '014a1d1f-60bb-4c1e-88fc-423d5903152b') ON CONFLICT DO NOTHING;
INSERT INTO taskassignment(taskid, volounteerid) VALUES ('c26a9b97-0891-4835-b748-d84b7714af14', 'b7e19eaa-d7ee-4fb8-bd1c-3a60f0bde6bf') ON CONFLICT DO NOTHING;
INSERT INTO taskassignment(taskid, volounteerid) VALUES ('eac6a9ef-6151-48d6-88c8-92ce18475791', 'cee5ed31-0df2-4c45-8689-289b555ee1c1') ON CONFLICT DO NOTHING;
INSERT INTO taskassignment(taskid, volounteerid) VALUES ('386015be-f540-47ba-a4b8-9b1a12849087', '518bd3c5-3043-425b-a943-3f513d14d08e') ON CONFLICT DO NOTHING;
INSERT INTO taskassignment(taskid, volounteerid) VALUES ('f08a4c9d-2240-430a-bdc2-4380d30ae80a', 'd54cb263-3317-418c-bacc-1ecc28d0d199') ON CONFLICT DO NOTHING;
INSERT INTO taskassignment(taskid, volounteerid) VALUES ('e8140ceb-8244-47c0-9738-36acd8f3222f', 'd54cb263-3317-418c-bacc-1ecc28d0d199') ON CONFLICT DO NOTHING;
INSERT INTO taskassignment(taskid, volounteerid) VALUES ('2d8680ec-a8a8-44af-9401-a27289f884d3', 'bf3d699f-f8c6-4fba-9c76-b823204081b7') ON CONFLICT DO NOTHING;
INSERT INTO taskassignment(taskid, volounteerid) VALUES ('a148d1f5-b66c-49df-9c1e-e5b15fd0e0eb', 'eec3924c-13ea-4387-ac2a-db2411a1eb6f') ON CONFLICT DO NOTHING;
INSERT INTO taskassignment(taskid, volounteerid) VALUES ('93863f63-1ad1-409e-8f09-026edbdfd3cb', 'a95df91b-945f-4a2e-a565-bed4530aba52') ON CONFLICT DO NOTHING;
INSERT INTO taskassignment(taskid, volounteerid) VALUES ('81c8fc35-91f6-4da8-8116-f971b5576d7e', '66d52860-bef4-42b9-942b-e4f75b7b3a04') ON CONFLICT DO NOTHING;
INSERT INTO taskassignment(taskid, volounteerid) VALUES ('7f924c03-5a39-4eca-ba93-4de9ce5dbf97', 'c1c8ade7-ce36-4a63-adc9-8f44333b50a5') ON CONFLICT DO NOTHING;
INSERT INTO taskassignment(taskid, volounteerid) VALUES ('d4371b70-23f9-4750-8f9a-ce8211519e86', '1f30b552-51fc-4689-8fc2-e746dc799d04') ON CONFLICT DO NOTHING;
INSERT INTO taskassignment(taskid, volounteerid) VALUES ('d711d8e4-2920-4974-987a-5f7ea2e18d3e', '769b335b-2c22-4c14-9f43-dd3cd04fa5eb') ON CONFLICT DO NOTHING;
INSERT INTO taskassignment(taskid, volounteerid) VALUES ('2ed407c8-1b01-4dbe-b0d4-4e887d1a4c5c', 'bf3d699f-f8c6-4fba-9c76-b823204081b7') ON CONFLICT DO NOTHING;
INSERT INTO taskassignment(taskid, volounteerid) VALUES ('7de7fa2d-3dab-4419-b9e9-ce0446cb7de3', '9829b700-87b1-43a4-bce0-f1857c555968') ON CONFLICT DO NOTHING;
INSERT INTO taskassignment(taskid, volounteerid) VALUES ('a43f4c73-ebb4-460f-9af2-eebf38603362', '9829b700-87b1-43a4-bce0-f1857c555968') ON CONFLICT DO NOTHING;
INSERT INTO taskassignment(taskid, volounteerid) VALUES ('801d25ce-6164-456d-b0c2-dc790be95199', '6fabf62d-881d-4758-9de5-fb613f9d4a58') ON CONFLICT DO NOTHING;
INSERT INTO taskassignment(taskid, volounteerid) VALUES ('279e8499-dbd0-407a-804e-390e66d6a4fa', '7d22e7d1-c182-45b6-a642-9aa587e3affb') ON CONFLICT DO NOTHING;
INSERT INTO taskassignment(taskid, volounteerid) VALUES ('21ea5300-5535-4821-b80e-0df3a663bdb5', 'fa5fd5df-1b29-4a08-bd43-1028653dbf92') ON CONFLICT DO NOTHING;
INSERT INTO taskassignment(taskid, volounteerid) VALUES ('a742ff1a-eab0-4b61-a449-a2a78b097e39', 'aedea131-52ad-4d5b-9ca7-cff1c9241706') ON CONFLICT DO NOTHING;
INSERT INTO taskassignment(taskid, volounteerid) VALUES ('a6c789bd-0a71-484d-af24-d033486a4c65', '5219d177-143f-4451-a7d4-e9cbcd77a35b') ON CONFLICT DO NOTHING;
INSERT INTO taskassignment(taskid, volounteerid) VALUES ('78333dee-25c6-4f3b-9e45-477af69923c1', 'bf3d699f-f8c6-4fba-9c76-b823204081b7') ON CONFLICT DO NOTHING;
INSERT INTO taskassignment(taskid, volounteerid) VALUES ('d11e879a-b8fe-4b8e-975c-4cdbbe2eb254', 'e1353cfa-3d90-4288-a9a3-8a421831812e') ON CONFLICT DO NOTHING;
INSERT INTO taskassignment(taskid, volounteerid) VALUES ('1f2153e2-2567-4879-bc59-85a4b94aa474', '3c24c716-b4ee-4e84-a47e-9b111e7293e8') ON CONFLICT DO NOTHING;
INSERT INTO taskassignment(taskid, volounteerid) VALUES ('cb2a46b3-d60c-4e92-82a3-f0a9657c7ce7', '96c37429-4b6f-4272-8e3f-da718cf14909') ON CONFLICT DO NOTHING;
INSERT INTO taskassignment(taskid, volounteerid) VALUES ('58114d84-161e-441b-b699-133b6f6b0644', 'e9e175dc-fb5a-4d02-a994-cf21b44ff34c') ON CONFLICT DO NOTHING;
INSERT INTO taskassignment(taskid, volounteerid) VALUES ('f351a2ce-2f60-48e8-b963-8c25c99565ac', '66d52860-bef4-42b9-942b-e4f75b7b3a04') ON CONFLICT DO NOTHING;
INSERT INTO taskassignment(taskid, volounteerid) VALUES ('637a9ba3-ffa0-4481-9502-8e404ee52b5b', '31385804-a27a-4769-aaa4-33d3b155c99f') ON CONFLICT DO NOTHING;
INSERT INTO taskassignment(taskid, volounteerid) VALUES ('e305a1c1-2451-4aa2-96a8-656b0c58bbd3', 'd96ee78e-26d6-401d-b917-1ff1e75632af') ON CONFLICT DO NOTHING;
INSERT INTO taskassignment(taskid, volounteerid) VALUES ('5c312516-f748-4965-94df-b0f2ed3d101b', '20149580-dd4a-4ca9-a369-c4f31656db24') ON CONFLICT DO NOTHING;
INSERT INTO taskassignment(taskid, volounteerid) VALUES ('279e8499-dbd0-407a-804e-390e66d6a4fa', '5e2e666d-d7b9-472a-8987-1c601c39c95a') ON CONFLICT DO NOTHING;
INSERT INTO taskassignment(taskid, volounteerid) VALUES ('93863f63-1ad1-409e-8f09-026edbdfd3cb', '5e2e666d-d7b9-472a-8987-1c601c39c95a') ON CONFLICT DO NOTHING;
INSERT INTO taskassignment(taskid, volounteerid) VALUES ('d711d8e4-2920-4974-987a-5f7ea2e18d3e', '2fe282c3-c2c8-4678-b3ca-f7b8379c8673') ON CONFLICT DO NOTHING;
INSERT INTO taskassignment(taskid, volounteerid) VALUES ('610454f2-2603-47cb-8374-18cbbceb9d56', '8c23f03e-456e-4c97-9e7f-e2c474a574d2') ON CONFLICT DO NOTHING;
INSERT INTO taskassignment(taskid, volounteerid) VALUES ('637a9ba3-ffa0-4481-9502-8e404ee52b5b', 'b9d497ba-9525-4273-bdef-f9faf47d9b7e') ON CONFLICT DO NOTHING;
INSERT INTO taskassignment(taskid, volounteerid) VALUES ('914d0675-a2b4-4426-a403-c51253df78a7', '66d52860-bef4-42b9-942b-e4f75b7b3a04') ON CONFLICT DO NOTHING;
INSERT INTO taskassignment(taskid, volounteerid) VALUES ('48f76ebe-bdb9-4375-9d14-9948ea7e4624', '25ae64f6-8518-499d-9c9a-4207ebbf0d5a') ON CONFLICT DO NOTHING;
INSERT INTO taskassignment(taskid, volounteerid) VALUES ('63099078-496f-45d8-8f19-73cf689e7d18', '68462cea-3d36-489b-9fad-955610b507b4') ON CONFLICT DO NOTHING;
INSERT INTO taskassignment(taskid, volounteerid) VALUES ('a6ef8381-ef99-4052-b875-9194d43e25e8', '5219d177-143f-4451-a7d4-e9cbcd77a35b') ON CONFLICT DO NOTHING;
INSERT INTO taskassignment(taskid, volounteerid) VALUES ('ec7af1fe-9204-4fd6-b9a4-eb9266cbbb87', 'f3687fb7-9126-43a1-90b9-556af2964e3e') ON CONFLICT DO NOTHING;
INSERT INTO taskassignment(taskid, volounteerid) VALUES ('d4371b70-23f9-4750-8f9a-ce8211519e86', 'e9e175dc-fb5a-4d02-a994-cf21b44ff34c') ON CONFLICT DO NOTHING;
INSERT INTO taskassignment(taskid, volounteerid) VALUES ('cb2a46b3-d60c-4e92-82a3-f0a9657c7ce7', '96c37429-4b6f-4272-8e3f-da718cf14909') ON CONFLICT DO NOTHING;
INSERT INTO taskassignment(taskid, volounteerid) VALUES ('f351a2ce-2f60-48e8-b963-8c25c99565ac', '8c996e74-471a-4e1b-ba19-5da3d33ea58f') ON CONFLICT DO NOTHING;
INSERT INTO taskassignment(taskid, volounteerid) VALUES ('051e1bff-62a7-42ad-8007-2c487d67d07b', 'd96ee78e-26d6-401d-b917-1ff1e75632af') ON CONFLICT DO NOTHING;
INSERT INTO taskassignment(taskid, volounteerid) VALUES ('48f76ebe-bdb9-4375-9d14-9948ea7e4624', '222f75d0-6970-45a0-a459-cdaec272c079') ON CONFLICT DO NOTHING;
INSERT INTO taskassignment(taskid, volounteerid) VALUES ('d9ad400c-9869-4006-a732-18901f69a0cd', '50ffd3cf-3ac3-46b1-9b44-b632e09e50c5') ON CONFLICT DO NOTHING;
INSERT INTO taskassignment(taskid, volounteerid) VALUES ('75447e53-dab8-44c2-b2f2-76916f3089e8', '7d22e7d1-c182-45b6-a642-9aa587e3affb') ON CONFLICT DO NOTHING;
INSERT INTO taskassignment(taskid, volounteerid) VALUES ('eb2f63bf-33f5-4b5e-8fc7-67f61f3bed3d', 'bf3d699f-f8c6-4fba-9c76-b823204081b7') ON CONFLICT DO NOTHING;
INSERT INTO taskassignment(taskid, volounteerid) VALUES ('239272a4-d9cc-4c12-9e07-f47b74a192f3', '1ec5d74d-d13f-4f89-a1de-5fafb18f069e') ON CONFLICT DO NOTHING;
INSERT INTO taskassignment(taskid, volounteerid) VALUES ('48b5e114-b684-4cdc-a166-2b3dc1e262d0', '769b335b-2c22-4c14-9f43-dd3cd04fa5eb') ON CONFLICT DO NOTHING;
INSERT INTO taskassignment(taskid, volounteerid) VALUES ('611ad9a1-1bcc-4e34-a5d3-2083f544baec', 'aa1c231e-0dc0-4c05-98ae-1ab5108d58cf') ON CONFLICT DO NOTHING;
INSERT INTO taskassignment(taskid, volounteerid) VALUES ('04baf9b4-a775-44b2-bb01-721ece2a2584', 'b8ee1d1d-db99-4736-9a5d-e19f7c6a9fcb') ON CONFLICT DO NOTHING;
INSERT INTO taskassignment(taskid, volounteerid) VALUES ('914d0675-a2b4-4426-a403-c51253df78a7', '624792bc-ba9b-47ae-ab49-99c2d1e57399') ON CONFLICT DO NOTHING;
INSERT INTO taskassignment(taskid, volounteerid) VALUES ('2d53a4bf-f690-4447-8622-a8e4203bf806', '3c24c716-b4ee-4e84-a47e-9b111e7293e8') ON CONFLICT DO NOTHING;
INSERT INTO taskassignment(taskid, volounteerid) VALUES ('360d1329-2063-4acf-a40c-ed7052979602', '45957ab3-6e63-4fb0-8c21-f056bed27d78') ON CONFLICT DO NOTHING;
INSERT INTO taskassignment(taskid, volounteerid) VALUES ('c26a9b97-0891-4835-b748-d84b7714af14', '8cd5ee1c-56de-4318-8e6d-ae05c415dabf') ON CONFLICT DO NOTHING;
INSERT INTO taskassignment(taskid, volounteerid) VALUES ('daf9deb1-01f0-4901-924e-f3bb7e5402e2', 'eec3924c-13ea-4387-ac2a-db2411a1eb6f') ON CONFLICT DO NOTHING;
INSERT INTO taskassignment(taskid, volounteerid) VALUES ('37d946c6-4ec7-4cf7-b1a9-67fa722a9481', 'b3707fb0-246e-4baa-8af5-fd357009ec81') ON CONFLICT DO NOTHING;
INSERT INTO taskassignment(taskid, volounteerid) VALUES ('a6ef8381-ef99-4052-b875-9194d43e25e8', '96c37429-4b6f-4272-8e3f-da718cf14909') ON CONFLICT DO NOTHING;
INSERT INTO taskassignment(taskid, volounteerid) VALUES ('ab690f90-6529-4a72-891b-9e4e68db511a', '48b2ed37-31f0-4805-8a1f-95f280348f4a') ON CONFLICT DO NOTHING;
INSERT INTO taskassignment(taskid, volounteerid) VALUES ('5a61b5b5-eb3d-463b-8f96-1481fcf37652', '96c37429-4b6f-4272-8e3f-da718cf14909') ON CONFLICT DO NOTHING;
INSERT INTO taskassignment(taskid, volounteerid) VALUES ('9973e1f4-32a9-4671-a2f4-93d2572c0dda', 'e874bc34-bbf4-427c-b7d0-2487d7904937') ON CONFLICT DO NOTHING;
INSERT INTO taskassignment(taskid, volounteerid) VALUES ('f03720b8-5093-4fa4-b964-5131724d0079', '7d22e7d1-c182-45b6-a642-9aa587e3affb') ON CONFLICT DO NOTHING;
INSERT INTO taskassignment(taskid, volounteerid) VALUES ('81c8fc35-91f6-4da8-8116-f971b5576d7e', '222f75d0-6970-45a0-a459-cdaec272c079') ON CONFLICT DO NOTHING;
INSERT INTO taskassignment(taskid, volounteerid) VALUES ('fb52b93e-47b9-4fb9-8282-6d9ec2aa92ab', 'aedea131-52ad-4d5b-9ca7-cff1c9241706') ON CONFLICT DO NOTHING;
INSERT INTO taskassignment(taskid, volounteerid) VALUES ('e305a1c1-2451-4aa2-96a8-656b0c58bbd3', 'd96ee78e-26d6-401d-b917-1ff1e75632af') ON CONFLICT DO NOTHING;
INSERT INTO taskassignment(taskid, volounteerid) VALUES ('81c8fc35-91f6-4da8-8116-f971b5576d7e', 'f23b68e2-a9e0-48aa-8f69-aefa22f6830d') ON CONFLICT DO NOTHING;
INSERT INTO taskassignment(taskid, volounteerid) VALUES ('21ea5300-5535-4821-b80e-0df3a663bdb5', '9dea17a8-c075-42f0-ad27-2e808fe065e3') ON CONFLICT DO NOTHING;
INSERT INTO taskassignment(taskid, volounteerid) VALUES ('386015be-f540-47ba-a4b8-9b1a12849087', 'aedea131-52ad-4d5b-9ca7-cff1c9241706') ON CONFLICT DO NOTHING;
INSERT INTO taskassignment(taskid, volounteerid) VALUES ('5a61b5b5-eb3d-463b-8f96-1481fcf37652', 'aa1c231e-0dc0-4c05-98ae-1ab5108d58cf') ON CONFLICT DO NOTHING;
INSERT INTO taskassignment(taskid, volounteerid) VALUES ('48b5e114-b684-4cdc-a166-2b3dc1e262d0', '4286d3c8-f25c-4f2b-8c1f-2b4f12c9713a') ON CONFLICT DO NOTHING;
INSERT INTO taskassignment(taskid, volounteerid) VALUES ('611ad9a1-1bcc-4e34-a5d3-2083f544baec', '7b85e418-937b-4697-bb90-fb0d493aaf81') ON CONFLICT DO NOTHING;
INSERT INTO taskassignment(taskid, volounteerid) VALUES ('9973e1f4-32a9-4671-a2f4-93d2572c0dda', '3c3cae20-7824-42a6-ab59-4f4a967ec639') ON CONFLICT DO NOTHING;
INSERT INTO taskassignment(taskid, volounteerid) VALUES ('1019ad70-2c8a-485d-8942-8fd959d7016b', 'd8a51ebe-6691-4ac3-a395-8f48bb878496') ON CONFLICT DO NOTHING;
INSERT INTO taskassignment(taskid, volounteerid) VALUES ('c4ccd251-0076-4e64-bded-fede558296fb', '4286d3c8-f25c-4f2b-8c1f-2b4f12c9713a') ON CONFLICT DO NOTHING;
INSERT INTO taskassignment(taskid, volounteerid) VALUES ('f11619c6-5aff-49d9-86d2-522e99c7a7f2', 'e874bc34-bbf4-427c-b7d0-2487d7904937') ON CONFLICT DO NOTHING;
INSERT INTO taskassignment(taskid, volounteerid) VALUES ('0305b8eb-df69-4d4e-8c1a-da54b6b1695a', '3e779d87-ed49-4f41-bdc5-23a213262470') ON CONFLICT DO NOTHING;
INSERT INTO taskassignment(taskid, volounteerid) VALUES ('1e004b57-d283-4cc1-83d9-f3fdacd617a1', '5219d177-143f-4451-a7d4-e9cbcd77a35b') ON CONFLICT DO NOTHING;
INSERT INTO taskassignment(taskid, volounteerid) VALUES ('b008e172-ffa3-47d6-89fd-220098489e73', '4286d3c8-f25c-4f2b-8c1f-2b4f12c9713a') ON CONFLICT DO NOTHING;
INSERT INTO taskassignment(taskid, volounteerid) VALUES ('051e1bff-62a7-42ad-8007-2c487d67d07b', '624792bc-ba9b-47ae-ab49-99c2d1e57399') ON CONFLICT DO NOTHING;
INSERT INTO taskassignment(taskid, volounteerid) VALUES ('75447e53-dab8-44c2-b2f2-76916f3089e8', 'bec16bae-f8f5-49bf-b2cf-06f011892868') ON CONFLICT DO NOTHING;
INSERT INTO taskassignment(taskid, volounteerid) VALUES ('a43f4c73-ebb4-460f-9af2-eebf38603362', '66d52860-bef4-42b9-942b-e4f75b7b3a04') ON CONFLICT DO NOTHING;
INSERT INTO taskassignment(taskid, volounteerid) VALUES ('4ca441bf-c12f-4746-a152-be8cbeea111b', '52903050-e531-4dc1-9c1f-2dd45a50fd75') ON CONFLICT DO NOTHING;
INSERT INTO taskassignment(taskid, volounteerid) VALUES ('48b5e114-b684-4cdc-a166-2b3dc1e262d0', 'f3687fb7-9126-43a1-90b9-556af2964e3e') ON CONFLICT DO NOTHING;
INSERT INTO taskassignment(taskid, volounteerid) VALUES ('75447e53-dab8-44c2-b2f2-76916f3089e8', 'd8a51ebe-6691-4ac3-a395-8f48bb878496') ON CONFLICT DO NOTHING;
INSERT INTO taskassignment(taskid, volounteerid) VALUES ('f396f68d-40be-4911-939e-1ca2371e3fa3', '6d9858c9-c6ab-44de-8ccd-c018dcb6980b') ON CONFLICT DO NOTHING;
INSERT INTO taskassignment(taskid, volounteerid) VALUES ('1e004b57-d283-4cc1-83d9-f3fdacd617a1', '8cd5ee1c-56de-4318-8e6d-ae05c415dabf') ON CONFLICT DO NOTHING;
INSERT INTO taskassignment(taskid, volounteerid) VALUES ('04baf9b4-a775-44b2-bb01-721ece2a2584', '31385804-a27a-4769-aaa4-33d3b155c99f') ON CONFLICT DO NOTHING;
INSERT INTO taskassignment(taskid, volounteerid) VALUES ('9f52661a-d174-4879-a16f-529aac36397c', 'dd28adb0-d23a-4ffd-be4d-f1b61f5419fa') ON CONFLICT DO NOTHING;
INSERT INTO taskassignment(taskid, volounteerid) VALUES ('386015be-f540-47ba-a4b8-9b1a12849087', '50ffd3cf-3ac3-46b1-9b44-b632e09e50c5') ON CONFLICT DO NOTHING;
INSERT INTO taskassignment(taskid, volounteerid) VALUES ('79bbe549-3a88-40b9-affb-9ec3cbef4c43', 'e56f1745-67ad-4b0b-bb6f-f9b47420d8f6') ON CONFLICT DO NOTHING;
INSERT INTO taskassignment(taskid, volounteerid) VALUES ('cd5694a6-c180-40cd-9b22-e4a9a1446e95', '5848ed73-de39-491d-aa35-2ffd6f870c2e') ON CONFLICT DO NOTHING;
INSERT INTO taskassignment(taskid, volounteerid) VALUES ('a148d1f5-b66c-49df-9c1e-e5b15fd0e0eb', '518bd3c5-3043-425b-a943-3f513d14d08e') ON CONFLICT DO NOTHING;
INSERT INTO taskassignment(taskid, volounteerid) VALUES ('f08a4c9d-2240-430a-bdc2-4380d30ae80a', '68a08365-b98c-43d3-ad84-c8b74e4cce94') ON CONFLICT DO NOTHING;
INSERT INTO taskassignment(taskid, volounteerid) VALUES ('58114d84-161e-441b-b699-133b6f6b0644', '27371228-c5f4-4c53-8286-e721afb7aff3') ON CONFLICT DO NOTHING;
INSERT INTO taskassignment(taskid, volounteerid) VALUES ('386015be-f540-47ba-a4b8-9b1a12849087', 'c20ba9c9-ab6c-4433-880f-b66f191b0e86') ON CONFLICT DO NOTHING;
INSERT INTO taskassignment(taskid, volounteerid) VALUES ('58114d84-161e-441b-b699-133b6f6b0644', 'd8a51ebe-6691-4ac3-a395-8f48bb878496') ON CONFLICT DO NOTHING;
INSERT INTO taskassignment(taskid, volounteerid) VALUES ('9f52661a-d174-4879-a16f-529aac36397c', 'ea4fa163-bad7-4f22-ab43-27d9e034891c') ON CONFLICT DO NOTHING;
INSERT INTO taskassignment(taskid, volounteerid) VALUES ('079fdac8-b464-4254-9b4e-afed00ae7856', '52903050-e531-4dc1-9c1f-2dd45a50fd75') ON CONFLICT DO NOTHING;
INSERT INTO taskassignment(taskid, volounteerid) VALUES ('8790b907-504f-4087-9e46-7186d776eb24', 'b9d497ba-9525-4273-bdef-f9faf47d9b7e') ON CONFLICT DO NOTHING;
INSERT INTO taskassignment(taskid, volounteerid) VALUES ('1019ad70-2c8a-485d-8942-8fd959d7016b', '014a1d1f-60bb-4c1e-88fc-423d5903152b') ON CONFLICT DO NOTHING;
INSERT INTO taskassignment(taskid, volounteerid) VALUES ('81c8fc35-91f6-4da8-8116-f971b5576d7e', '769b335b-2c22-4c14-9f43-dd3cd04fa5eb') ON CONFLICT DO NOTHING;
INSERT INTO taskassignment(taskid, volounteerid) VALUES ('7de7fa2d-3dab-4419-b9e9-ce0446cb7de3', '222f75d0-6970-45a0-a459-cdaec272c079') ON CONFLICT DO NOTHING;
INSERT INTO taskassignment(taskid, volounteerid) VALUES ('083da672-a96d-4d34-ba4b-b914b578c515', '0dbc44a4-49a1-4479-8f1a-870af0fbe6a6') ON CONFLICT DO NOTHING;
INSERT INTO taskassignment(taskid, volounteerid) VALUES ('ab690f90-6529-4a72-891b-9e4e68db511a', 'bd94cfd3-7018-415f-9144-83096f947ba7') ON CONFLICT DO NOTHING;
INSERT INTO taskassignment(taskid, volounteerid) VALUES ('c9d3917b-06f2-45ba-bc5d-72ec2a6809e1', 'bd94cfd3-7018-415f-9144-83096f947ba7') ON CONFLICT DO NOTHING;
INSERT INTO taskassignment(taskid, volounteerid) VALUES ('d9ad400c-9869-4006-a732-18901f69a0cd', 'aedea131-52ad-4d5b-9ca7-cff1c9241706') ON CONFLICT DO NOTHING;
INSERT INTO taskassignment(taskid, volounteerid) VALUES ('93863f63-1ad1-409e-8f09-026edbdfd3cb', '1f30b552-51fc-4689-8fc2-e746dc799d04') ON CONFLICT DO NOTHING;
INSERT INTO taskassignment(taskid, volounteerid) VALUES ('f03720b8-5093-4fa4-b964-5131724d0079', '014a1d1f-60bb-4c1e-88fc-423d5903152b') ON CONFLICT DO NOTHING;
INSERT INTO taskassignment(taskid, volounteerid) VALUES ('e8140ceb-8244-47c0-9738-36acd8f3222f', 'bd94cfd3-7018-415f-9144-83096f947ba7') ON CONFLICT DO NOTHING;
INSERT INTO taskassignment(taskid, volounteerid) VALUES ('332998a8-3a93-45f8-a854-4fa0f9714d04', '014a1d1f-60bb-4c1e-88fc-423d5903152b') ON CONFLICT DO NOTHING;
INSERT INTO taskassignment(taskid, volounteerid) VALUES ('5c312516-f748-4965-94df-b0f2ed3d101b', '1c6a47f3-e613-434a-881a-932c9b226fe1') ON CONFLICT DO NOTHING;
INSERT INTO taskassignment(taskid, volounteerid) VALUES ('a148d1f5-b66c-49df-9c1e-e5b15fd0e0eb', '3e779d87-ed49-4f41-bdc5-23a213262470') ON CONFLICT DO NOTHING;
INSERT INTO taskassignment(taskid, volounteerid) VALUES ('eb2f63bf-33f5-4b5e-8fc7-67f61f3bed3d', '128214c7-abe8-46ab-8323-0a7814a902bd') ON CONFLICT DO NOTHING;
INSERT INTO taskassignment(taskid, volounteerid) VALUES ('58114d84-161e-441b-b699-133b6f6b0644', 'bec16bae-f8f5-49bf-b2cf-06f011892868') ON CONFLICT DO NOTHING;
INSERT INTO taskassignment(taskid, volounteerid) VALUES ('dda03534-9dd3-40cb-94b7-fa74277aecc0', '1ec5d74d-d13f-4f89-a1de-5fafb18f069e') ON CONFLICT DO NOTHING;
INSERT INTO taskassignment(taskid, volounteerid) VALUES ('fc2cc0ab-5c45-4bf4-9f8b-bdf18e54d021', '014a1d1f-60bb-4c1e-88fc-423d5903152b') ON CONFLICT DO NOTHING;
INSERT INTO taskassignment(taskid, volounteerid) VALUES ('f11619c6-5aff-49d9-86d2-522e99c7a7f2', 'd7e0ae80-4f42-4809-987a-28390074173c') ON CONFLICT DO NOTHING;
INSERT INTO taskassignment(taskid, volounteerid) VALUES ('2ed407c8-1b01-4dbe-b0d4-4e887d1a4c5c', 'd8a51ebe-6691-4ac3-a395-8f48bb878496') ON CONFLICT DO NOTHING;
INSERT INTO taskassignment(taskid, volounteerid) VALUES ('808f438a-f036-4167-b46c-9361bb8d28a8', '518bd3c5-3043-425b-a943-3f513d14d08e') ON CONFLICT DO NOTHING;
INSERT INTO taskassignment(taskid, volounteerid) VALUES ('7f924c03-5a39-4eca-ba93-4de9ce5dbf97', 'b8ee1d1d-db99-4736-9a5d-e19f7c6a9fcb') ON CONFLICT DO NOTHING;
INSERT INTO taskassignment(taskid, volounteerid) VALUES ('37d946c6-4ec7-4cf7-b1a9-67fa722a9481', '5848ed73-de39-491d-aa35-2ffd6f870c2e') ON CONFLICT DO NOTHING;
INSERT INTO taskassignment(taskid, volounteerid) VALUES ('808f438a-f036-4167-b46c-9361bb8d28a8', '9dea17a8-c075-42f0-ad27-2e808fe065e3') ON CONFLICT DO NOTHING;
INSERT INTO taskassignment(taskid, volounteerid) VALUES ('1e1af971-056b-4671-888d-8bbcf53d609e', '7db06a9a-f3c3-4238-bb5e-74a97ca65e19') ON CONFLICT DO NOTHING;
INSERT INTO taskassignment(taskid, volounteerid) VALUES ('fc2cc0ab-5c45-4bf4-9f8b-bdf18e54d021', '7794904f-e6cf-4609-acbf-ba659675c803') ON CONFLICT DO NOTHING;
INSERT INTO taskassignment(taskid, volounteerid) VALUES ('6bda3525-62c4-4c07-a930-974cca273291', 'e9e175dc-fb5a-4d02-a994-cf21b44ff34c') ON CONFLICT DO NOTHING;
INSERT INTO taskassignment(taskid, volounteerid) VALUES ('63099078-496f-45d8-8f19-73cf689e7d18', '96c37429-4b6f-4272-8e3f-da718cf14909') ON CONFLICT DO NOTHING;
INSERT INTO taskassignment(taskid, volounteerid) VALUES ('d9ad400c-9869-4006-a732-18901f69a0cd', '748fcfb4-cfeb-4c30-aa00-9cbb61971c4b') ON CONFLICT DO NOTHING;
INSERT INTO taskassignment(taskid, volounteerid) VALUES ('9f52661a-d174-4879-a16f-529aac36397c', '8cd5ee1c-56de-4318-8e6d-ae05c415dabf') ON CONFLICT DO NOTHING;
INSERT INTO taskassignment(taskid, volounteerid) VALUES ('69b1c9a6-d2a1-425a-b1c3-fcc1cbdf57d9', '20149580-dd4a-4ca9-a369-c4f31656db24') ON CONFLICT DO NOTHING;
INSERT INTO taskassignment(taskid, volounteerid) VALUES ('f396f68d-40be-4911-939e-1ca2371e3fa3', '68a08365-b98c-43d3-ad84-c8b74e4cce94') ON CONFLICT DO NOTHING;
INSERT INTO taskassignment(taskid, volounteerid) VALUES ('cb2a46b3-d60c-4e92-82a3-f0a9657c7ce7', '45957ab3-6e63-4fb0-8c21-f056bed27d78') ON CONFLICT DO NOTHING;
INSERT INTO taskassignment(taskid, volounteerid) VALUES ('2d8680ec-a8a8-44af-9401-a27289f884d3', '839bd51b-c70f-44be-b9a3-d12c6be96334') ON CONFLICT DO NOTHING;
INSERT INTO taskassignment(taskid, volounteerid) VALUES ('c26a9b97-0891-4835-b748-d84b7714af14', 'bec16bae-f8f5-49bf-b2cf-06f011892868') ON CONFLICT DO NOTHING;
INSERT INTO taskassignment(taskid, volounteerid) VALUES ('e8140ceb-8244-47c0-9738-36acd8f3222f', '11148c85-6380-406f-8691-c5349b08c40c') ON CONFLICT DO NOTHING;
INSERT INTO taskassignment(taskid, volounteerid) VALUES ('083da672-a96d-4d34-ba4b-b914b578c515', 'cee5ed31-0df2-4c45-8689-289b555ee1c1') ON CONFLICT DO NOTHING;
INSERT INTO taskassignment(taskid, volounteerid) VALUES ('f11619c6-5aff-49d9-86d2-522e99c7a7f2', '27371228-c5f4-4c53-8286-e721afb7aff3') ON CONFLICT DO NOTHING;
INSERT INTO taskassignment(taskid, volounteerid) VALUES ('f835d56f-aee5-417b-aa4d-53fb1bdd55d5', 'aa1c231e-0dc0-4c05-98ae-1ab5108d58cf') ON CONFLICT DO NOTHING;
INSERT INTO taskassignment(taskid, volounteerid) VALUES ('a29194bd-8c24-4713-87ab-6c88367c0969', 'f23b68e2-a9e0-48aa-8f69-aefa22f6830d') ON CONFLICT DO NOTHING;
INSERT INTO taskassignment(taskid, volounteerid) VALUES ('360d1329-2063-4acf-a40c-ed7052979602', '01577644-d91b-4a45-93b2-4fd57e6a9378') ON CONFLICT DO NOTHING;
INSERT INTO taskassignment(taskid, volounteerid) VALUES ('04baf9b4-a775-44b2-bb01-721ece2a2584', 'd8a51ebe-6691-4ac3-a395-8f48bb878496') ON CONFLICT DO NOTHING;
INSERT INTO taskassignment(taskid, volounteerid) VALUES ('083da672-a96d-4d34-ba4b-b914b578c515', 'cee5ed31-0df2-4c45-8689-289b555ee1c1') ON CONFLICT DO NOTHING;
INSERT INTO taskassignment(taskid, volounteerid) VALUES ('c9d3917b-06f2-45ba-bc5d-72ec2a6809e1', '2862c771-e5f3-4688-84b5-bce31fe35709') ON CONFLICT DO NOTHING;
INSERT INTO taskassignment(taskid, volounteerid) VALUES ('37d946c6-4ec7-4cf7-b1a9-67fa722a9481', 'c1c8ade7-ce36-4a63-adc9-8f44333b50a5') ON CONFLICT DO NOTHING;
INSERT INTO taskassignment(taskid, volounteerid) VALUES ('ec7af1fe-9204-4fd6-b9a4-eb9266cbbb87', '79ffec85-e09e-4c57-b762-46281b848772') ON CONFLICT DO NOTHING;
INSERT INTO taskassignment(taskid, volounteerid) VALUES ('20f65632-4f2c-46aa-8f91-3178a3126d34', 'f70df637-95c3-4e6b-8bde-5316661dd5a0') ON CONFLICT DO NOTHING;
INSERT INTO taskassignment(taskid, volounteerid) VALUES ('eb2f63bf-33f5-4b5e-8fc7-67f61f3bed3d', '8c23f03e-456e-4c97-9e7f-e2c474a574d2') ON CONFLICT DO NOTHING;
INSERT INTO taskassignment(taskid, volounteerid) VALUES ('d11e879a-b8fe-4b8e-975c-4cdbbe2eb254', 'cee5ed31-0df2-4c45-8689-289b555ee1c1') ON CONFLICT DO NOTHING;
INSERT INTO taskassignment(taskid, volounteerid) VALUES ('93863f63-1ad1-409e-8f09-026edbdfd3cb', 'c1c8ade7-ce36-4a63-adc9-8f44333b50a5') ON CONFLICT DO NOTHING;
INSERT INTO taskassignment(taskid, volounteerid) VALUES ('2ed407c8-1b01-4dbe-b0d4-4e887d1a4c5c', 'eec3924c-13ea-4387-ac2a-db2411a1eb6f') ON CONFLICT DO NOTHING;
INSERT INTO taskassignment(taskid, volounteerid) VALUES ('c4ccd251-0076-4e64-bded-fede558296fb', '1dc51fcf-1243-4294-9180-762fee429dba') ON CONFLICT DO NOTHING;
INSERT INTO taskassignment(taskid, volounteerid) VALUES ('f351a2ce-2f60-48e8-b963-8c25c99565ac', '9829b700-87b1-43a4-bce0-f1857c555968') ON CONFLICT DO NOTHING;
INSERT INTO taskassignment(taskid, volounteerid) VALUES ('a742ff1a-eab0-4b61-a449-a2a78b097e39', 'ef15f6c3-9d08-4158-9533-c585f0538aa0') ON CONFLICT DO NOTHING;
INSERT INTO taskassignment(taskid, volounteerid) VALUES ('239272a4-d9cc-4c12-9e07-f47b74a192f3', '31385804-a27a-4769-aaa4-33d3b155c99f') ON CONFLICT DO NOTHING;
INSERT INTO taskassignment(taskid, volounteerid) VALUES ('1e004b57-d283-4cc1-83d9-f3fdacd617a1', '6fabf62d-881d-4758-9de5-fb613f9d4a58') ON CONFLICT DO NOTHING;
INSERT INTO taskassignment(taskid, volounteerid) VALUES ('bc1745da-ea2c-407c-ad20-3b21404955b5', '27371228-c5f4-4c53-8286-e721afb7aff3') ON CONFLICT DO NOTHING;
INSERT INTO taskassignment(taskid, volounteerid) VALUES ('f351a2ce-2f60-48e8-b963-8c25c99565ac', 'f3687fb7-9126-43a1-90b9-556af2964e3e') ON CONFLICT DO NOTHING;
INSERT INTO taskassignment(taskid, volounteerid) VALUES ('e8140ceb-8244-47c0-9738-36acd8f3222f', '45faf521-c60a-44ec-bb79-e8be90cea97d') ON CONFLICT DO NOTHING;
INSERT INTO taskassignment(taskid, volounteerid) VALUES ('d24e2beb-8644-4e2d-ba34-6232717d90e1', 'bb7562e6-ebaf-48ac-aec4-52fda5329846') ON CONFLICT DO NOTHING;
INSERT INTO taskassignment(taskid, volounteerid) VALUES ('0305b8eb-df69-4d4e-8c1a-da54b6b1695a', '48b2ed37-31f0-4805-8a1f-95f280348f4a') ON CONFLICT DO NOTHING;
INSERT INTO taskassignment(taskid, volounteerid) VALUES ('78333dee-25c6-4f3b-9e45-477af69923c1', 'b7e19eaa-d7ee-4fb8-bd1c-3a60f0bde6bf') ON CONFLICT DO NOTHING;
INSERT INTO taskassignment(taskid, volounteerid) VALUES ('d9ad400c-9869-4006-a732-18901f69a0cd', '854d7dc4-dbe6-4f8b-a4ea-f545666cff8b') ON CONFLICT DO NOTHING;
INSERT INTO taskassignment(taskid, volounteerid) VALUES ('0f208cf7-b38f-488c-bc11-22e1686bb976', 'd8a51ebe-6691-4ac3-a395-8f48bb878496') ON CONFLICT DO NOTHING;
INSERT INTO taskassignment(taskid, volounteerid) VALUES ('a43f4c73-ebb4-460f-9af2-eebf38603362', 'd8a51ebe-6691-4ac3-a395-8f48bb878496') ON CONFLICT DO NOTHING;
INSERT INTO taskassignment(taskid, volounteerid) VALUES ('47a9b60d-db78-4525-9445-5579eb320e3b', 'cee5ed31-0df2-4c45-8689-289b555ee1c1') ON CONFLICT DO NOTHING;
INSERT INTO taskassignment(taskid, volounteerid) VALUES ('69b1c9a6-d2a1-425a-b1c3-fcc1cbdf57d9', '11148c85-6380-406f-8691-c5349b08c40c') ON CONFLICT DO NOTHING;
INSERT INTO taskassignment(taskid, volounteerid) VALUES ('eb2f63bf-33f5-4b5e-8fc7-67f61f3bed3d', '7d22e7d1-c182-45b6-a642-9aa587e3affb') ON CONFLICT DO NOTHING;
INSERT INTO taskassignment(taskid, volounteerid) VALUES ('fb52b93e-47b9-4fb9-8282-6d9ec2aa92ab', '45957ab3-6e63-4fb0-8c21-f056bed27d78') ON CONFLICT DO NOTHING;
INSERT INTO taskassignment(taskid, volounteerid) VALUES ('2d53a4bf-f690-4447-8622-a8e4203bf806', 'cb6dfd77-df47-4aca-bcd1-c1aebbfee52f') ON CONFLICT DO NOTHING;
INSERT INTO taskassignment(taskid, volounteerid) VALUES ('627d6140-e22f-44d7-b8ab-f9a4944cc47a', 'f6253c83-5759-4727-b388-570d12f7fa8a') ON CONFLICT DO NOTHING;
INSERT INTO taskassignment(taskid, volounteerid) VALUES ('a43f4c73-ebb4-460f-9af2-eebf38603362', '52903050-e531-4dc1-9c1f-2dd45a50fd75') ON CONFLICT DO NOTHING;
INSERT INTO taskassignment(taskid, volounteerid) VALUES ('2d53a4bf-f690-4447-8622-a8e4203bf806', 'c4825db1-47f2-476e-b78f-4645f4511d25') ON CONFLICT DO NOTHING;
INSERT INTO taskassignment(taskid, volounteerid) VALUES ('1e004b57-d283-4cc1-83d9-f3fdacd617a1', '624792bc-ba9b-47ae-ab49-99c2d1e57399') ON CONFLICT DO NOTHING;
INSERT INTO taskassignment(taskid, volounteerid) VALUES ('20f65632-4f2c-46aa-8f91-3178a3126d34', 'c4825db1-47f2-476e-b78f-4645f4511d25') ON CONFLICT DO NOTHING;
INSERT INTO taskassignment(taskid, volounteerid) VALUES ('2ed407c8-1b01-4dbe-b0d4-4e887d1a4c5c', 'fb45410e-fd0b-45c9-9dd1-a3bf0abb849b') ON CONFLICT DO NOTHING;
INSERT INTO taskassignment(taskid, volounteerid) VALUES ('fb52b93e-47b9-4fb9-8282-6d9ec2aa92ab', 'f6253c83-5759-4727-b388-570d12f7fa8a') ON CONFLICT DO NOTHING;
INSERT INTO taskassignment(taskid, volounteerid) VALUES ('c4ccd251-0076-4e64-bded-fede558296fb', 'bec16bae-f8f5-49bf-b2cf-06f011892868') ON CONFLICT DO NOTHING;
INSERT INTO taskassignment(taskid, volounteerid) VALUES ('eb2f63bf-33f5-4b5e-8fc7-67f61f3bed3d', 'cb6dfd77-df47-4aca-bcd1-c1aebbfee52f') ON CONFLICT DO NOTHING;
INSERT INTO taskassignment(taskid, volounteerid) VALUES ('cd5694a6-c180-40cd-9b22-e4a9a1446e95', 'e9e175dc-fb5a-4d02-a994-cf21b44ff34c') ON CONFLICT DO NOTHING;
INSERT INTO taskassignment(taskid, volounteerid) VALUES ('fb52b93e-47b9-4fb9-8282-6d9ec2aa92ab', 'b3707fb0-246e-4baa-8af5-fd357009ec81') ON CONFLICT DO NOTHING;
INSERT INTO taskassignment(taskid, volounteerid) VALUES ('e305a1c1-2451-4aa2-96a8-656b0c58bbd3', '5d1005e4-7d50-474b-84e6-086e4334a040') ON CONFLICT DO NOTHING;
INSERT INTO taskassignment(taskid, volounteerid) VALUES ('b008e172-ffa3-47d6-89fd-220098489e73', '8cd5ee1c-56de-4318-8e6d-ae05c415dabf') ON CONFLICT DO NOTHING;
INSERT INTO taskassignment(taskid, volounteerid) VALUES ('d9ad400c-9869-4006-a732-18901f69a0cd', '3e779d87-ed49-4f41-bdc5-23a213262470') ON CONFLICT DO NOTHING;
INSERT INTO taskassignment(taskid, volounteerid) VALUES ('6bda3525-62c4-4c07-a930-974cca273291', '854d7dc4-dbe6-4f8b-a4ea-f545666cff8b') ON CONFLICT DO NOTHING;
INSERT INTO taskassignment(taskid, volounteerid) VALUES ('914d0675-a2b4-4426-a403-c51253df78a7', '48b2ed37-31f0-4805-8a1f-95f280348f4a') ON CONFLICT DO NOTHING;
INSERT INTO taskassignment(taskid, volounteerid) VALUES ('5498b0b1-359d-4cf5-988e-8910a1c5d4d8', 'b3707fb0-246e-4baa-8af5-fd357009ec81') ON CONFLICT DO NOTHING;
INSERT INTO taskassignment(taskid, volounteerid) VALUES ('cd5694a6-c180-40cd-9b22-e4a9a1446e95', '38241eaa-3a4f-4b49-8fc7-7526a4b9130b') ON CONFLICT DO NOTHING;
INSERT INTO taskassignment(taskid, volounteerid) VALUES ('5a61b5b5-eb3d-463b-8f96-1481fcf37652', 'bf3d699f-f8c6-4fba-9c76-b823204081b7') ON CONFLICT DO NOTHING;
INSERT INTO taskassignment(taskid, volounteerid) VALUES ('1019ad70-2c8a-485d-8942-8fd959d7016b', '7c9ccfe9-dfc0-4b63-96ad-ef7437024b1b') ON CONFLICT DO NOTHING;
INSERT INTO taskassignment(taskid, volounteerid) VALUES ('d24e2beb-8644-4e2d-ba34-6232717d90e1', 'bec16bae-f8f5-49bf-b2cf-06f011892868') ON CONFLICT DO NOTHING;
INSERT INTO taskassignment(taskid, volounteerid) VALUES ('279e8499-dbd0-407a-804e-390e66d6a4fa', 'bd94cfd3-7018-415f-9144-83096f947ba7') ON CONFLICT DO NOTHING;
INSERT INTO taskassignment(taskid, volounteerid) VALUES ('279e8499-dbd0-407a-804e-390e66d6a4fa', 'd8a51ebe-6691-4ac3-a395-8f48bb878496') ON CONFLICT DO NOTHING;
INSERT INTO taskassignment(taskid, volounteerid) VALUES ('e0aa1e0f-5af1-4c46-8f76-645cce1a8fd8', 'cee5ed31-0df2-4c45-8689-289b555ee1c1') ON CONFLICT DO NOTHING;
INSERT INTO taskassignment(taskid, volounteerid) VALUES ('e0aa1e0f-5af1-4c46-8f76-645cce1a8fd8', 'c4825db1-47f2-476e-b78f-4645f4511d25') ON CONFLICT DO NOTHING;
INSERT INTO taskassignment(taskid, volounteerid) VALUES ('2d8680ec-a8a8-44af-9401-a27289f884d3', '0dbc44a4-49a1-4479-8f1a-870af0fbe6a6') ON CONFLICT DO NOTHING;
INSERT INTO taskassignment(taskid, volounteerid) VALUES ('1e004b57-d283-4cc1-83d9-f3fdacd617a1', 'f3687fb7-9126-43a1-90b9-556af2964e3e') ON CONFLICT DO NOTHING;
INSERT INTO taskassignment(taskid, volounteerid) VALUES ('386015be-f540-47ba-a4b8-9b1a12849087', '7db06a9a-f3c3-4238-bb5e-74a97ca65e19') ON CONFLICT DO NOTHING;
INSERT INTO taskassignment(taskid, volounteerid) VALUES ('63099078-496f-45d8-8f19-73cf689e7d18', 'f23b68e2-a9e0-48aa-8f69-aefa22f6830d') ON CONFLICT DO NOTHING;
INSERT INTO taskassignment(taskid, volounteerid) VALUES ('e0aa1e0f-5af1-4c46-8f76-645cce1a8fd8', 'd8a51ebe-6691-4ac3-a395-8f48bb878496') ON CONFLICT DO NOTHING;
INSERT INTO taskassignment(taskid, volounteerid) VALUES ('daf9deb1-01f0-4901-924e-f3bb7e5402e2', '5b7621c9-56ab-46f2-951f-3880bc802ca6') ON CONFLICT DO NOTHING;
INSERT INTO taskassignment(taskid, volounteerid) VALUES ('1e1af971-056b-4671-888d-8bbcf53d609e', '50ffd3cf-3ac3-46b1-9b44-b632e09e50c5') ON CONFLICT DO NOTHING;
INSERT INTO taskassignment(taskid, volounteerid) VALUES ('a6ef8381-ef99-4052-b875-9194d43e25e8', '50ffd3cf-3ac3-46b1-9b44-b632e09e50c5') ON CONFLICT DO NOTHING;
INSERT INTO taskassignment(taskid, volounteerid) VALUES ('63f0f929-0ba9-4e70-a1f9-39265d56d5cd', '8c23f03e-456e-4c97-9e7f-e2c474a574d2') ON CONFLICT DO NOTHING;
INSERT INTO taskassignment(taskid, volounteerid) VALUES ('23a0d762-0f54-4519-a3d2-a60fea47d251', 'ea4fa163-bad7-4f22-ab43-27d9e034891c') ON CONFLICT DO NOTHING;
INSERT INTO taskassignment(taskid, volounteerid) VALUES ('7406c2d8-13e1-4973-9c66-e48eda5071f7', '5e2e666d-d7b9-472a-8987-1c601c39c95a') ON CONFLICT DO NOTHING;
INSERT INTO taskassignment(taskid, volounteerid) VALUES ('48b5e114-b684-4cdc-a166-2b3dc1e262d0', '8c996e74-471a-4e1b-ba19-5da3d33ea58f') ON CONFLICT DO NOTHING;
INSERT INTO taskassignment(taskid, volounteerid) VALUES ('a6c789bd-0a71-484d-af24-d033486a4c65', 'f6253c83-5759-4727-b388-570d12f7fa8a') ON CONFLICT DO NOTHING;
INSERT INTO taskassignment(taskid, volounteerid) VALUES ('ab690f90-6529-4a72-891b-9e4e68db511a', '2862c771-e5f3-4688-84b5-bce31fe35709') ON CONFLICT DO NOTHING;
INSERT INTO taskassignment(taskid, volounteerid) VALUES ('9973e1f4-32a9-4671-a2f4-93d2572c0dda', 'd96ee78e-26d6-401d-b917-1ff1e75632af') ON CONFLICT DO NOTHING;
INSERT INTO taskassignment(taskid, volounteerid) VALUES ('d24e2beb-8644-4e2d-ba34-6232717d90e1', '31385804-a27a-4769-aaa4-33d3b155c99f') ON CONFLICT DO NOTHING;
INSERT INTO taskassignment(taskid, volounteerid) VALUES ('386015be-f540-47ba-a4b8-9b1a12849087', '854d7dc4-dbe6-4f8b-a4ea-f545666cff8b') ON CONFLICT DO NOTHING;
INSERT INTO taskassignment(taskid, volounteerid) VALUES ('5a61b5b5-eb3d-463b-8f96-1481fcf37652', '5219d177-143f-4451-a7d4-e9cbcd77a35b') ON CONFLICT DO NOTHING;
INSERT INTO taskassignment(taskid, volounteerid) VALUES ('58114d84-161e-441b-b699-133b6f6b0644', 'b9d497ba-9525-4273-bdef-f9faf47d9b7e') ON CONFLICT DO NOTHING;
INSERT INTO taskassignment(taskid, volounteerid) VALUES ('fb243550-b1d9-42a2-92be-b52c97651c5b', '8cd5ee1c-56de-4318-8e6d-ae05c415dabf') ON CONFLICT DO NOTHING;
INSERT INTO taskassignment(taskid, volounteerid) VALUES ('e305a1c1-2451-4aa2-96a8-656b0c58bbd3', '5e2e666d-d7b9-472a-8987-1c601c39c95a') ON CONFLICT DO NOTHING;
INSERT INTO taskassignment(taskid, volounteerid) VALUES ('58114d84-161e-441b-b699-133b6f6b0644', 'c20ba9c9-ab6c-4433-880f-b66f191b0e86') ON CONFLICT DO NOTHING;
INSERT INTO taskassignment(taskid, volounteerid) VALUES ('cd7fffff-1a43-4ffa-89d8-f3090b1d6de9', 'e3793d67-77c9-4047-9ea4-f2b09b853f7d') ON CONFLICT DO NOTHING;
INSERT INTO taskassignment(taskid, volounteerid) VALUES ('b008e172-ffa3-47d6-89fd-220098489e73', 'cee5ed31-0df2-4c45-8689-289b555ee1c1') ON CONFLICT DO NOTHING;
INSERT INTO taskassignment(taskid, volounteerid) VALUES ('447ab023-3c16-4e5c-b514-39927453f8a1', 'a8b412c2-8f4a-4359-98d8-cb2b402452df') ON CONFLICT DO NOTHING;
INSERT INTO taskassignment(taskid, volounteerid) VALUES ('386015be-f540-47ba-a4b8-9b1a12849087', 'd7e0ae80-4f42-4809-987a-28390074173c') ON CONFLICT DO NOTHING;
INSERT INTO taskassignment(taskid, volounteerid) VALUES ('04baf9b4-a775-44b2-bb01-721ece2a2584', 'b7dd5cef-52de-4b1c-9840-28bf3f7f0095') ON CONFLICT DO NOTHING;
INSERT INTO taskassignment(taskid, volounteerid) VALUES ('0305b8eb-df69-4d4e-8c1a-da54b6b1695a', '8c23f03e-456e-4c97-9e7f-e2c474a574d2') ON CONFLICT DO NOTHING;
INSERT INTO taskassignment(taskid, volounteerid) VALUES ('cd5694a6-c180-40cd-9b22-e4a9a1446e95', 'cb6dfd77-df47-4aca-bcd1-c1aebbfee52f') ON CONFLICT DO NOTHING;
INSERT INTO taskassignment(taskid, volounteerid) VALUES ('47a9b60d-db78-4525-9445-5579eb320e3b', 'fb45410e-fd0b-45c9-9dd1-a3bf0abb849b') ON CONFLICT DO NOTHING;
INSERT INTO taskassignment(taskid, volounteerid) VALUES ('7406c2d8-13e1-4973-9c66-e48eda5071f7', '79ffec85-e09e-4c57-b762-46281b848772') ON CONFLICT DO NOTHING;
INSERT INTO taskassignment(taskid, volounteerid) VALUES ('69b1c9a6-d2a1-425a-b1c3-fcc1cbdf57d9', '8cd5ee1c-56de-4318-8e6d-ae05c415dabf') ON CONFLICT DO NOTHING;
INSERT INTO taskassignment(taskid, volounteerid) VALUES ('e8140ceb-8244-47c0-9738-36acd8f3222f', '7d22e7d1-c182-45b6-a642-9aa587e3affb') ON CONFLICT DO NOTHING;
INSERT INTO taskassignment(taskid, volounteerid) VALUES ('7eefdc2e-b3d6-4f98-9f7f-98975af85170', '96c37429-4b6f-4272-8e3f-da718cf14909') ON CONFLICT DO NOTHING;
INSERT INTO taskassignment(taskid, volounteerid) VALUES ('e305a1c1-2451-4aa2-96a8-656b0c58bbd3', '6d9858c9-c6ab-44de-8ccd-c018dcb6980b') ON CONFLICT DO NOTHING;
INSERT INTO taskassignment(taskid, volounteerid) VALUES ('9f52661a-d174-4879-a16f-529aac36397c', '624792bc-ba9b-47ae-ab49-99c2d1e57399') ON CONFLICT DO NOTHING;
INSERT INTO taskassignment(taskid, volounteerid) VALUES ('48b5e114-b684-4cdc-a166-2b3dc1e262d0', '50ffd3cf-3ac3-46b1-9b44-b632e09e50c5') ON CONFLICT DO NOTHING;
INSERT INTO taskassignment(taskid, volounteerid) VALUES ('f11619c6-5aff-49d9-86d2-522e99c7a7f2', 'e56f1745-67ad-4b0b-bb6f-f9b47420d8f6') ON CONFLICT DO NOTHING;
INSERT INTO taskassignment(taskid, volounteerid) VALUES ('69b1c9a6-d2a1-425a-b1c3-fcc1cbdf57d9', '8cd5ee1c-56de-4318-8e6d-ae05c415dabf') ON CONFLICT DO NOTHING;
INSERT INTO taskassignment(taskid, volounteerid) VALUES ('332998a8-3a93-45f8-a854-4fa0f9714d04', 'd8a51ebe-6691-4ac3-a395-8f48bb878496') ON CONFLICT DO NOTHING;
INSERT INTO taskassignment(taskid, volounteerid) VALUES ('fb243550-b1d9-42a2-92be-b52c97651c5b', '25ae64f6-8518-499d-9c9a-4207ebbf0d5a') ON CONFLICT DO NOTHING;
INSERT INTO taskassignment(taskid, volounteerid) VALUES ('78333dee-25c6-4f3b-9e45-477af69923c1', 'd8a51ebe-6691-4ac3-a395-8f48bb878496') ON CONFLICT DO NOTHING;
INSERT INTO taskassignment(taskid, volounteerid) VALUES ('e8140ceb-8244-47c0-9738-36acd8f3222f', '68462cea-3d36-489b-9fad-955610b507b4') ON CONFLICT DO NOTHING;
INSERT INTO taskassignment(taskid, volounteerid) VALUES ('079fdac8-b464-4254-9b4e-afed00ae7856', '01577644-d91b-4a45-93b2-4fd57e6a9378') ON CONFLICT DO NOTHING;
INSERT INTO taskassignment(taskid, volounteerid) VALUES ('1019ad70-2c8a-485d-8942-8fd959d7016b', '1ec5d74d-d13f-4f89-a1de-5fafb18f069e') ON CONFLICT DO NOTHING;
INSERT INTO taskassignment(taskid, volounteerid) VALUES ('4ca441bf-c12f-4746-a152-be8cbeea111b', 'c5d2062e-69ab-4a42-912b-6780bdc184a7') ON CONFLICT DO NOTHING;
INSERT INTO taskassignment(taskid, volounteerid) VALUES ('7de7fa2d-3dab-4419-b9e9-ce0446cb7de3', 'e3793d67-77c9-4047-9ea4-f2b09b853f7d') ON CONFLICT DO NOTHING;
INSERT INTO taskassignment(taskid, volounteerid) VALUES ('360d1329-2063-4acf-a40c-ed7052979602', 'b3707fb0-246e-4baa-8af5-fd357009ec81') ON CONFLICT DO NOTHING;
INSERT INTO taskassignment(taskid, volounteerid) VALUES ('48f76ebe-bdb9-4375-9d14-9948ea7e4624', 'aa1c231e-0dc0-4c05-98ae-1ab5108d58cf') ON CONFLICT DO NOTHING;
INSERT INTO taskassignment(taskid, volounteerid) VALUES ('bc1745da-ea2c-407c-ad20-3b21404955b5', '45957ab3-6e63-4fb0-8c21-f056bed27d78') ON CONFLICT DO NOTHING;
INSERT INTO taskassignment(taskid, volounteerid) VALUES ('47a9b60d-db78-4525-9445-5579eb320e3b', '5e2e666d-d7b9-472a-8987-1c601c39c95a') ON CONFLICT DO NOTHING;
INSERT INTO taskassignment(taskid, volounteerid) VALUES ('58114d84-161e-441b-b699-133b6f6b0644', 'bec16bae-f8f5-49bf-b2cf-06f011892868') ON CONFLICT DO NOTHING;
INSERT INTO taskassignment(taskid, volounteerid) VALUES ('92543e1a-00d2-4bd6-973b-d86bd92f5c14', '7c9ccfe9-dfc0-4b63-96ad-ef7437024b1b') ON CONFLICT DO NOTHING;
INSERT INTO taskassignment(taskid, volounteerid) VALUES ('82c90472-14af-4501-a6ba-d24e64c1ec48', '66d52860-bef4-42b9-942b-e4f75b7b3a04') ON CONFLICT DO NOTHING;
INSERT INTO taskassignment(taskid, volounteerid) VALUES ('6bda3525-62c4-4c07-a930-974cca273291', 'ab6b0ca8-eec7-4000-a07e-0a45ecf397cb') ON CONFLICT DO NOTHING;
INSERT INTO taskassignment(taskid, volounteerid) VALUES ('78333dee-25c6-4f3b-9e45-477af69923c1', 'f23b68e2-a9e0-48aa-8f69-aefa22f6830d') ON CONFLICT DO NOTHING;
INSERT INTO taskassignment(taskid, volounteerid) VALUES ('4ca441bf-c12f-4746-a152-be8cbeea111b', '2862c771-e5f3-4688-84b5-bce31fe35709') ON CONFLICT DO NOTHING;
INSERT INTO taskassignment(taskid, volounteerid) VALUES ('cb2a46b3-d60c-4e92-82a3-f0a9657c7ce7', 'cee5ed31-0df2-4c45-8689-289b555ee1c1') ON CONFLICT DO NOTHING;
INSERT INTO taskassignment(taskid, volounteerid) VALUES ('a29194bd-8c24-4713-87ab-6c88367c0969', '45957ab3-6e63-4fb0-8c21-f056bed27d78') ON CONFLICT DO NOTHING;
INSERT INTO taskassignment(taskid, volounteerid) VALUES ('e0aa1e0f-5af1-4c46-8f76-645cce1a8fd8', '68a08365-b98c-43d3-ad84-c8b74e4cce94') ON CONFLICT DO NOTHING;
INSERT INTO taskassignment(taskid, volounteerid) VALUES ('a6c789bd-0a71-484d-af24-d033486a4c65', 'ea4fa163-bad7-4f22-ab43-27d9e034891c') ON CONFLICT DO NOTHING;
INSERT INTO taskassignment(taskid, volounteerid) VALUES ('21ea5300-5535-4821-b80e-0df3a663bdb5', '1c6a47f3-e613-434a-881a-932c9b226fe1') ON CONFLICT DO NOTHING;
INSERT INTO taskassignment(taskid, volounteerid) VALUES ('b9b2a270-538b-4fcc-a2d3-5420106d127f', 'b9d497ba-9525-4273-bdef-f9faf47d9b7e') ON CONFLICT DO NOTHING;
INSERT INTO taskassignment(taskid, volounteerid) VALUES ('ed37fb42-ec1a-4c52-b520-35e53bdeacd2', 'cb6dfd77-df47-4aca-bcd1-c1aebbfee52f') ON CONFLICT DO NOTHING;
INSERT INTO taskassignment(taskid, volounteerid) VALUES ('0305b8eb-df69-4d4e-8c1a-da54b6b1695a', 'bf3d699f-f8c6-4fba-9c76-b823204081b7') ON CONFLICT DO NOTHING;
INSERT INTO taskassignment(taskid, volounteerid) VALUES ('637a9ba3-ffa0-4481-9502-8e404ee52b5b', 'cee5ed31-0df2-4c45-8689-289b555ee1c1') ON CONFLICT DO NOTHING;
INSERT INTO taskassignment(taskid, volounteerid) VALUES ('1e1af971-056b-4671-888d-8bbcf53d609e', 'b8ee1d1d-db99-4736-9a5d-e19f7c6a9fcb') ON CONFLICT DO NOTHING;
INSERT INTO taskassignment(taskid, volounteerid) VALUES ('d11e879a-b8fe-4b8e-975c-4cdbbe2eb254', '5e2e666d-d7b9-472a-8987-1c601c39c95a') ON CONFLICT DO NOTHING;
INSERT INTO taskassignment(taskid, volounteerid) VALUES ('92543e1a-00d2-4bd6-973b-d86bd92f5c14', 'c4825db1-47f2-476e-b78f-4645f4511d25') ON CONFLICT DO NOTHING;
INSERT INTO taskassignment(taskid, volounteerid) VALUES ('63f0f929-0ba9-4e70-a1f9-39265d56d5cd', '7b85e418-937b-4697-bb90-fb0d493aaf81') ON CONFLICT DO NOTHING;
INSERT INTO taskassignment(taskid, volounteerid) VALUES ('47a9b60d-db78-4525-9445-5579eb320e3b', '222f75d0-6970-45a0-a459-cdaec272c079') ON CONFLICT DO NOTHING;
INSERT INTO taskassignment(taskid, volounteerid) VALUES ('a43f4c73-ebb4-460f-9af2-eebf38603362', '79ffec85-e09e-4c57-b762-46281b848772') ON CONFLICT DO NOTHING;
INSERT INTO taskassignment(taskid, volounteerid) VALUES ('d9ad400c-9869-4006-a732-18901f69a0cd', 'b8ee1d1d-db99-4736-9a5d-e19f7c6a9fcb') ON CONFLICT DO NOTHING;
INSERT INTO taskassignment(taskid, volounteerid) VALUES ('fb52b93e-47b9-4fb9-8282-6d9ec2aa92ab', '854d7dc4-dbe6-4f8b-a4ea-f545666cff8b') ON CONFLICT DO NOTHING;
INSERT INTO taskassignment(taskid, volounteerid) VALUES ('cb2a46b3-d60c-4e92-82a3-f0a9657c7ce7', 'ef15f6c3-9d08-4158-9533-c585f0538aa0') ON CONFLICT DO NOTHING;
INSERT INTO taskassignment(taskid, volounteerid) VALUES ('cb2a46b3-d60c-4e92-82a3-f0a9657c7ce7', '5848ed73-de39-491d-aa35-2ffd6f870c2e') ON CONFLICT DO NOTHING;
INSERT INTO taskassignment(taskid, volounteerid) VALUES ('5a61b5b5-eb3d-463b-8f96-1481fcf37652', 'bf3d699f-f8c6-4fba-9c76-b823204081b7') ON CONFLICT DO NOTHING;
INSERT INTO taskassignment(taskid, volounteerid) VALUES ('7f924c03-5a39-4eca-ba93-4de9ce5dbf97', '2fe282c3-c2c8-4678-b3ca-f7b8379c8673') ON CONFLICT DO NOTHING;
INSERT INTO taskassignment(taskid, volounteerid) VALUES ('a6ef8381-ef99-4052-b875-9194d43e25e8', 'f6253c83-5759-4727-b388-570d12f7fa8a') ON CONFLICT DO NOTHING;
INSERT INTO taskassignment(taskid, volounteerid) VALUES ('2ed407c8-1b01-4dbe-b0d4-4e887d1a4c5c', '518bd3c5-3043-425b-a943-3f513d14d08e') ON CONFLICT DO NOTHING;
INSERT INTO taskassignment(taskid, volounteerid) VALUES ('279e8499-dbd0-407a-804e-390e66d6a4fa', '6d9858c9-c6ab-44de-8ccd-c018dcb6980b') ON CONFLICT DO NOTHING;
INSERT INTO taskassignment(taskid, volounteerid) VALUES ('f11619c6-5aff-49d9-86d2-522e99c7a7f2', 'e9e175dc-fb5a-4d02-a994-cf21b44ff34c') ON CONFLICT DO NOTHING;
INSERT INTO taskassignment(taskid, volounteerid) VALUES ('20f65632-4f2c-46aa-8f91-3178a3126d34', '8c23f03e-456e-4c97-9e7f-e2c474a574d2') ON CONFLICT DO NOTHING;
INSERT INTO taskassignment(taskid, volounteerid) VALUES ('079fdac8-b464-4254-9b4e-afed00ae7856', 'ab6b0ca8-eec7-4000-a07e-0a45ecf397cb') ON CONFLICT DO NOTHING;
INSERT INTO taskassignment(taskid, volounteerid) VALUES ('a6c789bd-0a71-484d-af24-d033486a4c65', 'd8a51ebe-6691-4ac3-a395-8f48bb878496') ON CONFLICT DO NOTHING;
INSERT INTO taskassignment(taskid, volounteerid) VALUES ('eb2f63bf-33f5-4b5e-8fc7-67f61f3bed3d', 'fa5fd5df-1b29-4a08-bd43-1028653dbf92') ON CONFLICT DO NOTHING;
INSERT INTO taskassignment(taskid, volounteerid) VALUES ('5498b0b1-359d-4cf5-988e-8910a1c5d4d8', '839bd51b-c70f-44be-b9a3-d12c6be96334') ON CONFLICT DO NOTHING;
INSERT INTO taskassignment(taskid, volounteerid) VALUES ('2d8680ec-a8a8-44af-9401-a27289f884d3', 'fb45410e-fd0b-45c9-9dd1-a3bf0abb849b') ON CONFLICT DO NOTHING;
INSERT INTO taskassignment(taskid, volounteerid) VALUES ('9973e1f4-32a9-4671-a2f4-93d2572c0dda', 'bf3d699f-f8c6-4fba-9c76-b823204081b7') ON CONFLICT DO NOTHING;
INSERT INTO taskassignment(taskid, volounteerid) VALUES ('a6c789bd-0a71-484d-af24-d033486a4c65', '4286d3c8-f25c-4f2b-8c1f-2b4f12c9713a') ON CONFLICT DO NOTHING;
INSERT INTO taskassignment(taskid, volounteerid) VALUES ('78333dee-25c6-4f3b-9e45-477af69923c1', '86321adb-67e6-4c0b-96e2-42be93acd42c') ON CONFLICT DO NOTHING;
INSERT INTO taskassignment(taskid, volounteerid) VALUES ('b9b2a270-538b-4fcc-a2d3-5420106d127f', '4d3ee164-fad7-4b91-b9c4-28e88102ea03') ON CONFLICT DO NOTHING;
INSERT INTO taskassignment(taskid, volounteerid) VALUES ('92543e1a-00d2-4bd6-973b-d86bd92f5c14', '68a08365-b98c-43d3-ad84-c8b74e4cce94') ON CONFLICT DO NOTHING;
INSERT INTO taskassignment(taskid, volounteerid) VALUES ('0305b8eb-df69-4d4e-8c1a-da54b6b1695a', '2fe282c3-c2c8-4678-b3ca-f7b8379c8673') ON CONFLICT DO NOTHING;
INSERT INTO taskassignment(taskid, volounteerid) VALUES ('e0aa1e0f-5af1-4c46-8f76-645cce1a8fd8', 'b3707fb0-246e-4baa-8af5-fd357009ec81') ON CONFLICT DO NOTHING;
INSERT INTO taskassignment(taskid, volounteerid) VALUES ('78333dee-25c6-4f3b-9e45-477af69923c1', '4d3ee164-fad7-4b91-b9c4-28e88102ea03') ON CONFLICT DO NOTHING;
INSERT INTO taskassignment(taskid, volounteerid) VALUES ('1019ad70-2c8a-485d-8942-8fd959d7016b', 'c5d2062e-69ab-4a42-912b-6780bdc184a7') ON CONFLICT DO NOTHING;
INSERT INTO taskassignment(taskid, volounteerid) VALUES ('b9b2a270-538b-4fcc-a2d3-5420106d127f', 'f6253c83-5759-4727-b388-570d12f7fa8a') ON CONFLICT DO NOTHING;
INSERT INTO taskassignment(taskid, volounteerid) VALUES ('dda03534-9dd3-40cb-94b7-fa74277aecc0', 'b3707fb0-246e-4baa-8af5-fd357009ec81') ON CONFLICT DO NOTHING;
INSERT INTO taskassignment(taskid, volounteerid) VALUES ('b008e172-ffa3-47d6-89fd-220098489e73', '7794904f-e6cf-4609-acbf-ba659675c803') ON CONFLICT DO NOTHING;
INSERT INTO taskassignment(taskid, volounteerid) VALUES ('a29194bd-8c24-4713-87ab-6c88367c0969', '2fe282c3-c2c8-4678-b3ca-f7b8379c8673') ON CONFLICT DO NOTHING;
INSERT INTO taskassignment(taskid, volounteerid) VALUES ('239272a4-d9cc-4c12-9e07-f47b74a192f3', '01577644-d91b-4a45-93b2-4fd57e6a9378') ON CONFLICT DO NOTHING;
INSERT INTO taskassignment(taskid, volounteerid) VALUES ('e305a1c1-2451-4aa2-96a8-656b0c58bbd3', '8cd5ee1c-56de-4318-8e6d-ae05c415dabf') ON CONFLICT DO NOTHING;
INSERT INTO taskassignment(taskid, volounteerid) VALUES ('5c312516-f748-4965-94df-b0f2ed3d101b', '3e779d87-ed49-4f41-bdc5-23a213262470') ON CONFLICT DO NOTHING;
INSERT INTO taskassignment(taskid, volounteerid) VALUES ('d9ad400c-9869-4006-a732-18901f69a0cd', '6ceab7cf-0592-4469-9bc2-6c1a1d6110be') ON CONFLICT DO NOTHING;
INSERT INTO taskassignment(taskid, volounteerid) VALUES ('fc2cc0ab-5c45-4bf4-9f8b-bdf18e54d021', '9829b700-87b1-43a4-bce0-f1857c555968') ON CONFLICT DO NOTHING;
INSERT INTO taskassignment(taskid, volounteerid) VALUES ('6bda3525-62c4-4c07-a930-974cca273291', '3e779d87-ed49-4f41-bdc5-23a213262470') ON CONFLICT DO NOTHING;
INSERT INTO taskassignment(taskid, volounteerid) VALUES ('ab690f90-6529-4a72-891b-9e4e68db511a', 'b7dd5cef-52de-4b1c-9840-28bf3f7f0095') ON CONFLICT DO NOTHING;
INSERT INTO taskassignment(taskid, volounteerid) VALUES ('7f924c03-5a39-4eca-ba93-4de9ce5dbf97', '624792bc-ba9b-47ae-ab49-99c2d1e57399') ON CONFLICT DO NOTHING;
INSERT INTO taskassignment(taskid, volounteerid) VALUES ('47a9b60d-db78-4525-9445-5579eb320e3b', '27371228-c5f4-4c53-8286-e721afb7aff3') ON CONFLICT DO NOTHING;
INSERT INTO taskassignment(taskid, volounteerid) VALUES ('637a9ba3-ffa0-4481-9502-8e404ee52b5b', '52903050-e531-4dc1-9c1f-2dd45a50fd75') ON CONFLICT DO NOTHING;
INSERT INTO taskassignment(taskid, volounteerid) VALUES ('48b5e114-b684-4cdc-a166-2b3dc1e262d0', 'bec16bae-f8f5-49bf-b2cf-06f011892868') ON CONFLICT DO NOTHING;
INSERT INTO taskassignment(taskid, volounteerid) VALUES ('279e8499-dbd0-407a-804e-390e66d6a4fa', '7db06a9a-f3c3-4238-bb5e-74a97ca65e19') ON CONFLICT DO NOTHING;
INSERT INTO taskassignment(taskid, volounteerid) VALUES ('c4ccd251-0076-4e64-bded-fede558296fb', '5848ed73-de39-491d-aa35-2ffd6f870c2e') ON CONFLICT DO NOTHING;
INSERT INTO taskassignment(taskid, volounteerid) VALUES ('1e004b57-d283-4cc1-83d9-f3fdacd617a1', '9829b700-87b1-43a4-bce0-f1857c555968') ON CONFLICT DO NOTHING;
INSERT INTO taskassignment(taskid, volounteerid) VALUES ('78333dee-25c6-4f3b-9e45-477af69923c1', '769b335b-2c22-4c14-9f43-dd3cd04fa5eb') ON CONFLICT DO NOTHING;
INSERT INTO taskassignment(taskid, volounteerid) VALUES ('ab690f90-6529-4a72-891b-9e4e68db511a', '2862c771-e5f3-4688-84b5-bce31fe35709') ON CONFLICT DO NOTHING;
INSERT INTO taskassignment(taskid, volounteerid) VALUES ('f396f68d-40be-4911-939e-1ca2371e3fa3', '9dea17a8-c075-42f0-ad27-2e808fe065e3') ON CONFLICT DO NOTHING;
INSERT INTO taskassignment(taskid, volounteerid) VALUES ('5498b0b1-359d-4cf5-988e-8910a1c5d4d8', 'b7dd5cef-52de-4b1c-9840-28bf3f7f0095') ON CONFLICT DO NOTHING;
INSERT INTO taskassignment(taskid, volounteerid) VALUES ('332998a8-3a93-45f8-a854-4fa0f9714d04', 'b7e19eaa-d7ee-4fb8-bd1c-3a60f0bde6bf') ON CONFLICT DO NOTHING;
INSERT INTO taskassignment(taskid, volounteerid) VALUES ('914d0675-a2b4-4426-a403-c51253df78a7', 'b8ee1d1d-db99-4736-9a5d-e19f7c6a9fcb') ON CONFLICT DO NOTHING;
INSERT INTO taskassignment(taskid, volounteerid) VALUES ('a148d1f5-b66c-49df-9c1e-e5b15fd0e0eb', '6ceab7cf-0592-4469-9bc2-6c1a1d6110be') ON CONFLICT DO NOTHING;
INSERT INTO taskassignment(taskid, volounteerid) VALUES ('1e004b57-d283-4cc1-83d9-f3fdacd617a1', '1f30b552-51fc-4689-8fc2-e746dc799d04') ON CONFLICT DO NOTHING;
INSERT INTO taskassignment(taskid, volounteerid) VALUES ('eb2f63bf-33f5-4b5e-8fc7-67f61f3bed3d', 'ab6b0ca8-eec7-4000-a07e-0a45ecf397cb') ON CONFLICT DO NOTHING;
INSERT INTO taskassignment(taskid, volounteerid) VALUES ('914d0675-a2b4-4426-a403-c51253df78a7', '11148c85-6380-406f-8691-c5349b08c40c') ON CONFLICT DO NOTHING;
INSERT INTO taskassignment(taskid, volounteerid) VALUES ('6abc6344-02cb-4583-8728-df4a92b01706', '20149580-dd4a-4ca9-a369-c4f31656db24') ON CONFLICT DO NOTHING;
INSERT INTO taskassignment(taskid, volounteerid) VALUES ('083da672-a96d-4d34-ba4b-b914b578c515', 'cb6dfd77-df47-4aca-bcd1-c1aebbfee52f') ON CONFLICT DO NOTHING;
INSERT INTO taskassignment(taskid, volounteerid) VALUES ('7eefdc2e-b3d6-4f98-9f7f-98975af85170', '79ffec85-e09e-4c57-b762-46281b848772') ON CONFLICT DO NOTHING;
INSERT INTO taskassignment(taskid, volounteerid) VALUES ('21ea5300-5535-4821-b80e-0df3a663bdb5', '1dc51fcf-1243-4294-9180-762fee429dba') ON CONFLICT DO NOTHING;
INSERT INTO taskassignment(taskid, volounteerid) VALUES ('d9ad400c-9869-4006-a732-18901f69a0cd', '9261fa79-30d0-43f8-b914-88116afc8ee3') ON CONFLICT DO NOTHING;
INSERT INTO taskassignment(taskid, volounteerid) VALUES ('75447e53-dab8-44c2-b2f2-76916f3089e8', '518bd3c5-3043-425b-a943-3f513d14d08e') ON CONFLICT DO NOTHING;
INSERT INTO taskassignment(taskid, volounteerid) VALUES ('239272a4-d9cc-4c12-9e07-f47b74a192f3', 'd17ff5f9-7d34-487d-b360-07f7a20da75c') ON CONFLICT DO NOTHING;
INSERT INTO taskassignment(taskid, volounteerid) VALUES ('2d53a4bf-f690-4447-8622-a8e4203bf806', 'b7e19eaa-d7ee-4fb8-bd1c-3a60f0bde6bf') ON CONFLICT DO NOTHING;
INSERT INTO taskassignment(taskid, volounteerid) VALUES ('92543e1a-00d2-4bd6-973b-d86bd92f5c14', '52903050-e531-4dc1-9c1f-2dd45a50fd75') ON CONFLICT DO NOTHING;
INSERT INTO taskassignment(taskid, volounteerid) VALUES ('d4371b70-23f9-4750-8f9a-ce8211519e86', '27371228-c5f4-4c53-8286-e721afb7aff3') ON CONFLICT DO NOTHING;
INSERT INTO taskassignment(taskid, volounteerid) VALUES ('637a9ba3-ffa0-4481-9502-8e404ee52b5b', '7db06a9a-f3c3-4238-bb5e-74a97ca65e19') ON CONFLICT DO NOTHING;
INSERT INTO taskassignment(taskid, volounteerid) VALUES ('2d8680ec-a8a8-44af-9401-a27289f884d3', '5219d177-143f-4451-a7d4-e9cbcd77a35b') ON CONFLICT DO NOTHING;
INSERT INTO taskassignment(taskid, volounteerid) VALUES ('63099078-496f-45d8-8f19-73cf689e7d18', 'd96ee78e-26d6-401d-b917-1ff1e75632af') ON CONFLICT DO NOTHING;
INSERT INTO taskassignment(taskid, volounteerid) VALUES ('78333dee-25c6-4f3b-9e45-477af69923c1', '38241eaa-3a4f-4b49-8fc7-7526a4b9130b') ON CONFLICT DO NOTHING;
INSERT INTO taskassignment(taskid, volounteerid) VALUES ('63099078-496f-45d8-8f19-73cf689e7d18', 'b9d497ba-9525-4273-bdef-f9faf47d9b7e') ON CONFLICT DO NOTHING;
INSERT INTO taskassignment(taskid, volounteerid) VALUES ('f11619c6-5aff-49d9-86d2-522e99c7a7f2', 'ea4fa163-bad7-4f22-ab43-27d9e034891c') ON CONFLICT DO NOTHING;
INSERT INTO taskassignment(taskid, volounteerid) VALUES ('1e1af971-056b-4671-888d-8bbcf53d609e', 'e56f1745-67ad-4b0b-bb6f-f9b47420d8f6') ON CONFLICT DO NOTHING;
INSERT INTO taskassignment(taskid, volounteerid) VALUES ('627d6140-e22f-44d7-b8ab-f9a4944cc47a', '1dc51fcf-1243-4294-9180-762fee429dba') ON CONFLICT DO NOTHING;
INSERT INTO taskassignment(taskid, volounteerid) VALUES ('2d8680ec-a8a8-44af-9401-a27289f884d3', 'aedea131-52ad-4d5b-9ca7-cff1c9241706') ON CONFLICT DO NOTHING;
INSERT INTO taskassignment(taskid, volounteerid) VALUES ('20f65632-4f2c-46aa-8f91-3178a3126d34', '1dc51fcf-1243-4294-9180-762fee429dba') ON CONFLICT DO NOTHING;
INSERT INTO taskassignment(taskid, volounteerid) VALUES ('75447e53-dab8-44c2-b2f2-76916f3089e8', '5848ed73-de39-491d-aa35-2ffd6f870c2e') ON CONFLICT DO NOTHING;
INSERT INTO taskassignment(taskid, volounteerid) VALUES ('f351a2ce-2f60-48e8-b963-8c25c99565ac', 'bb7562e6-ebaf-48ac-aec4-52fda5329846') ON CONFLICT DO NOTHING;
INSERT INTO taskassignment(taskid, volounteerid) VALUES ('1019ad70-2c8a-485d-8942-8fd959d7016b', '5e2e666d-d7b9-472a-8987-1c601c39c95a') ON CONFLICT DO NOTHING;
INSERT INTO taskassignment(taskid, volounteerid) VALUES ('808f438a-f036-4167-b46c-9361bb8d28a8', '1f30b552-51fc-4689-8fc2-e746dc799d04') ON CONFLICT DO NOTHING;
INSERT INTO taskassignment(taskid, volounteerid) VALUES ('4ca441bf-c12f-4746-a152-be8cbeea111b', '3c3cae20-7824-42a6-ab59-4f4a967ec639') ON CONFLICT DO NOTHING;
INSERT INTO taskassignment(taskid, volounteerid) VALUES ('79bbe549-3a88-40b9-affb-9ec3cbef4c43', '6d9858c9-c6ab-44de-8ccd-c018dcb6980b') ON CONFLICT DO NOTHING;
INSERT INTO taskassignment(taskid, volounteerid) VALUES ('611ad9a1-1bcc-4e34-a5d3-2083f544baec', '769b335b-2c22-4c14-9f43-dd3cd04fa5eb') ON CONFLICT DO NOTHING;
INSERT INTO taskassignment(taskid, volounteerid) VALUES ('58114d84-161e-441b-b699-133b6f6b0644', '518bd3c5-3043-425b-a943-3f513d14d08e') ON CONFLICT DO NOTHING;
INSERT INTO taskassignment(taskid, volounteerid) VALUES ('20f65632-4f2c-46aa-8f91-3178a3126d34', '748fcfb4-cfeb-4c30-aa00-9cbb61971c4b') ON CONFLICT DO NOTHING;
INSERT INTO taskassignment(taskid, volounteerid) VALUES ('5a61b5b5-eb3d-463b-8f96-1481fcf37652', 'd96ee78e-26d6-401d-b917-1ff1e75632af') ON CONFLICT DO NOTHING;
INSERT INTO taskassignment(taskid, volounteerid) VALUES ('b9b2a270-538b-4fcc-a2d3-5420106d127f', '9261fa79-30d0-43f8-b914-88116afc8ee3') ON CONFLICT DO NOTHING;
INSERT INTO taskassignment(taskid, volounteerid) VALUES ('5c312516-f748-4965-94df-b0f2ed3d101b', 'b8ee1d1d-db99-4736-9a5d-e19f7c6a9fcb') ON CONFLICT DO NOTHING;
INSERT INTO taskassignment(taskid, volounteerid) VALUES ('8790b907-504f-4087-9e46-7186d776eb24', '624792bc-ba9b-47ae-ab49-99c2d1e57399') ON CONFLICT DO NOTHING;
INSERT INTO taskassignment(taskid, volounteerid) VALUES ('58114d84-161e-441b-b699-133b6f6b0644', '518bd3c5-3043-425b-a943-3f513d14d08e') ON CONFLICT DO NOTHING;
INSERT INTO taskassignment(taskid, volounteerid) VALUES ('8790b907-504f-4087-9e46-7186d776eb24', '222f75d0-6970-45a0-a459-cdaec272c079') ON CONFLICT DO NOTHING;
INSERT INTO taskassignment(taskid, volounteerid) VALUES ('801d25ce-6164-456d-b0c2-dc790be95199', '9dea17a8-c075-42f0-ad27-2e808fe065e3') ON CONFLICT DO NOTHING;
INSERT INTO taskassignment(taskid, volounteerid) VALUES ('7de7fa2d-3dab-4419-b9e9-ce0446cb7de3', '769b335b-2c22-4c14-9f43-dd3cd04fa5eb') ON CONFLICT DO NOTHING;
INSERT INTO taskassignment(taskid, volounteerid) VALUES ('279e8499-dbd0-407a-804e-390e66d6a4fa', '0e0ca403-cd62-4d36-873f-3164a4fd2a6d') ON CONFLICT DO NOTHING;
INSERT INTO taskassignment(taskid, volounteerid) VALUES ('e305a1c1-2451-4aa2-96a8-656b0c58bbd3', 'd17ff5f9-7d34-487d-b360-07f7a20da75c') ON CONFLICT DO NOTHING;
INSERT INTO taskassignment(taskid, volounteerid) VALUES ('f03720b8-5093-4fa4-b964-5131724d0079', '3e779d87-ed49-4f41-bdc5-23a213262470') ON CONFLICT DO NOTHING;
INSERT INTO taskassignment(taskid, volounteerid) VALUES ('ab690f90-6529-4a72-891b-9e4e68db511a', 'ef15f6c3-9d08-4158-9533-c585f0538aa0') ON CONFLICT DO NOTHING;
INSERT INTO taskassignment(taskid, volounteerid) VALUES ('fc0e82ce-fcd9-46aa-a763-8fac98d125e9', 'bd94cfd3-7018-415f-9144-83096f947ba7') ON CONFLICT DO NOTHING;
INSERT INTO taskassignment(taskid, volounteerid) VALUES ('81c8fc35-91f6-4da8-8116-f971b5576d7e', 'ef15f6c3-9d08-4158-9533-c585f0538aa0') ON CONFLICT DO NOTHING;
INSERT INTO taskassignment(taskid, volounteerid) VALUES ('fb243550-b1d9-42a2-92be-b52c97651c5b', 'f3687fb7-9126-43a1-90b9-556af2964e3e') ON CONFLICT DO NOTHING;
INSERT INTO taskassignment(taskid, volounteerid) VALUES ('5498b0b1-359d-4cf5-988e-8910a1c5d4d8', '66d52860-bef4-42b9-942b-e4f75b7b3a04') ON CONFLICT DO NOTHING;
INSERT INTO taskassignment(taskid, volounteerid) VALUES ('cb2a46b3-d60c-4e92-82a3-f0a9657c7ce7', '0e0ca403-cd62-4d36-873f-3164a4fd2a6d') ON CONFLICT DO NOTHING;
INSERT INTO taskassignment(taskid, volounteerid) VALUES ('5c312516-f748-4965-94df-b0f2ed3d101b', '769b335b-2c22-4c14-9f43-dd3cd04fa5eb') ON CONFLICT DO NOTHING;
INSERT INTO taskassignment(taskid, volounteerid) VALUES ('b008e172-ffa3-47d6-89fd-220098489e73', '3c3cae20-7824-42a6-ab59-4f4a967ec639') ON CONFLICT DO NOTHING;
INSERT INTO taskassignment(taskid, volounteerid) VALUES ('f396f68d-40be-4911-939e-1ca2371e3fa3', '1f30b552-51fc-4689-8fc2-e746dc799d04') ON CONFLICT DO NOTHING;
INSERT INTO taskassignment(taskid, volounteerid) VALUES ('332998a8-3a93-45f8-a854-4fa0f9714d04', '2862c771-e5f3-4688-84b5-bce31fe35709') ON CONFLICT DO NOTHING;
INSERT INTO taskassignment(taskid, volounteerid) VALUES ('e305a1c1-2451-4aa2-96a8-656b0c58bbd3', '68a08365-b98c-43d3-ad84-c8b74e4cce94') ON CONFLICT DO NOTHING;
INSERT INTO taskassignment(taskid, volounteerid) VALUES ('81c8fc35-91f6-4da8-8116-f971b5576d7e', 'e9e175dc-fb5a-4d02-a994-cf21b44ff34c') ON CONFLICT DO NOTHING;
INSERT INTO taskassignment(taskid, volounteerid) VALUES ('1e004b57-d283-4cc1-83d9-f3fdacd617a1', '769b335b-2c22-4c14-9f43-dd3cd04fa5eb') ON CONFLICT DO NOTHING;
INSERT INTO taskassignment(taskid, volounteerid) VALUES ('a6c789bd-0a71-484d-af24-d033486a4c65', '8c996e74-471a-4e1b-ba19-5da3d33ea58f') ON CONFLICT DO NOTHING;
INSERT INTO taskassignment(taskid, volounteerid) VALUES ('31e92a3c-1688-4fae-80e6-621f0ab9db88', '769b335b-2c22-4c14-9f43-dd3cd04fa5eb') ON CONFLICT DO NOTHING;
INSERT INTO taskassignment(taskid, volounteerid) VALUES ('332998a8-3a93-45f8-a854-4fa0f9714d04', '6ceab7cf-0592-4469-9bc2-6c1a1d6110be') ON CONFLICT DO NOTHING;
INSERT INTO taskassignment(taskid, volounteerid) VALUES ('332998a8-3a93-45f8-a854-4fa0f9714d04', '2fe282c3-c2c8-4678-b3ca-f7b8379c8673') ON CONFLICT DO NOTHING;
INSERT INTO taskassignment(taskid, volounteerid) VALUES ('e0aa1e0f-5af1-4c46-8f76-645cce1a8fd8', 'e9e175dc-fb5a-4d02-a994-cf21b44ff34c') ON CONFLICT DO NOTHING;
INSERT INTO taskassignment(taskid, volounteerid) VALUES ('63f0f929-0ba9-4e70-a1f9-39265d56d5cd', 'd96ee78e-26d6-401d-b917-1ff1e75632af') ON CONFLICT DO NOTHING;
INSERT INTO taskassignment(taskid, volounteerid) VALUES ('c26a9b97-0891-4835-b748-d84b7714af14', '7d22e7d1-c182-45b6-a642-9aa587e3affb') ON CONFLICT DO NOTHING;
INSERT INTO taskassignment(taskid, volounteerid) VALUES ('5c312516-f748-4965-94df-b0f2ed3d101b', '854f0ea5-9177-4334-945a-5caaa29b6bb2') ON CONFLICT DO NOTHING;
INSERT INTO taskassignment(taskid, volounteerid) VALUES ('1019ad70-2c8a-485d-8942-8fd959d7016b', 'bec16bae-f8f5-49bf-b2cf-06f011892868') ON CONFLICT DO NOTHING;
INSERT INTO taskassignment(taskid, volounteerid) VALUES ('daf9deb1-01f0-4901-924e-f3bb7e5402e2', 'f23b68e2-a9e0-48aa-8f69-aefa22f6830d') ON CONFLICT DO NOTHING;
INSERT INTO taskassignment(taskid, volounteerid) VALUES ('78333dee-25c6-4f3b-9e45-477af69923c1', 'fa5fd5df-1b29-4a08-bd43-1028653dbf92') ON CONFLICT DO NOTHING;
INSERT INTO taskassignment(taskid, volounteerid) VALUES ('801d25ce-6164-456d-b0c2-dc790be95199', '6ceab7cf-0592-4469-9bc2-6c1a1d6110be') ON CONFLICT DO NOTHING;
INSERT INTO taskassignment(taskid, volounteerid) VALUES ('20f65632-4f2c-46aa-8f91-3178a3126d34', '2fe282c3-c2c8-4678-b3ca-f7b8379c8673') ON CONFLICT DO NOTHING;
INSERT INTO taskassignment(taskid, volounteerid) VALUES ('627d6140-e22f-44d7-b8ab-f9a4944cc47a', 'bec16bae-f8f5-49bf-b2cf-06f011892868') ON CONFLICT DO NOTHING;
INSERT INTO taskassignment(taskid, volounteerid) VALUES ('58114d84-161e-441b-b699-133b6f6b0644', '6ceab7cf-0592-4469-9bc2-6c1a1d6110be') ON CONFLICT DO NOTHING;
INSERT INTO taskassignment(taskid, volounteerid) VALUES ('083da672-a96d-4d34-ba4b-b914b578c515', 'ab6b0ca8-eec7-4000-a07e-0a45ecf397cb') ON CONFLICT DO NOTHING;
INSERT INTO taskassignment(taskid, volounteerid) VALUES ('079fdac8-b464-4254-9b4e-afed00ae7856', '45957ab3-6e63-4fb0-8c21-f056bed27d78') ON CONFLICT DO NOTHING;
INSERT INTO taskassignment(taskid, volounteerid) VALUES ('63f0f929-0ba9-4e70-a1f9-39265d56d5cd', 'cb6dfd77-df47-4aca-bcd1-c1aebbfee52f') ON CONFLICT DO NOTHING;
INSERT INTO taskassignment(taskid, volounteerid) VALUES ('7de7fa2d-3dab-4419-b9e9-ce0446cb7de3', '96c37429-4b6f-4272-8e3f-da718cf14909') ON CONFLICT DO NOTHING;
INSERT INTO taskassignment(taskid, volounteerid) VALUES ('cd7fffff-1a43-4ffa-89d8-f3090b1d6de9', '86321adb-67e6-4c0b-96e2-42be93acd42c') ON CONFLICT DO NOTHING;
INSERT INTO taskassignment(taskid, volounteerid) VALUES ('d24e2beb-8644-4e2d-ba34-6232717d90e1', 'b9d497ba-9525-4273-bdef-f9faf47d9b7e') ON CONFLICT DO NOTHING;
INSERT INTO taskassignment(taskid, volounteerid) VALUES ('78333dee-25c6-4f3b-9e45-477af69923c1', '8c23f03e-456e-4c97-9e7f-e2c474a574d2') ON CONFLICT DO NOTHING;
INSERT INTO taskassignment(taskid, volounteerid) VALUES ('69b1c9a6-d2a1-425a-b1c3-fcc1cbdf57d9', '5d1005e4-7d50-474b-84e6-086e4334a040') ON CONFLICT DO NOTHING;
INSERT INTO taskassignment(taskid, volounteerid) VALUES ('fb243550-b1d9-42a2-92be-b52c97651c5b', '1ec5d74d-d13f-4f89-a1de-5fafb18f069e') ON CONFLICT DO NOTHING;
INSERT INTO taskassignment(taskid, volounteerid) VALUES ('386015be-f540-47ba-a4b8-9b1a12849087', '96c37429-4b6f-4272-8e3f-da718cf14909') ON CONFLICT DO NOTHING;
INSERT INTO taskassignment(taskid, volounteerid) VALUES ('58114d84-161e-441b-b699-133b6f6b0644', 'c4825db1-47f2-476e-b78f-4645f4511d25') ON CONFLICT DO NOTHING;
INSERT INTO taskassignment(taskid, volounteerid) VALUES ('7406c2d8-13e1-4973-9c66-e48eda5071f7', 'bf3d699f-f8c6-4fba-9c76-b823204081b7') ON CONFLICT DO NOTHING;
INSERT INTO taskassignment(taskid, volounteerid) VALUES ('e8140ceb-8244-47c0-9738-36acd8f3222f', 'ea4fa163-bad7-4f22-ab43-27d9e034891c') ON CONFLICT DO NOTHING;
INSERT INTO taskassignment(taskid, volounteerid) VALUES ('23a0d762-0f54-4519-a3d2-a60fea47d251', 'fa5fd5df-1b29-4a08-bd43-1028653dbf92') ON CONFLICT DO NOTHING;
INSERT INTO taskassignment(taskid, volounteerid) VALUES ('6abc6344-02cb-4583-8728-df4a92b01706', 'aedea131-52ad-4d5b-9ca7-cff1c9241706') ON CONFLICT DO NOTHING;
INSERT INTO taskassignment(taskid, volounteerid) VALUES ('051e1bff-62a7-42ad-8007-2c487d67d07b', 'ab6b0ca8-eec7-4000-a07e-0a45ecf397cb') ON CONFLICT DO NOTHING;
INSERT INTO taskassignment(taskid, volounteerid) VALUES ('808f438a-f036-4167-b46c-9361bb8d28a8', '518bd3c5-3043-425b-a943-3f513d14d08e') ON CONFLICT DO NOTHING;
INSERT INTO taskassignment(taskid, volounteerid) VALUES ('a6c789bd-0a71-484d-af24-d033486a4c65', '0dbc44a4-49a1-4479-8f1a-870af0fbe6a6') ON CONFLICT DO NOTHING;
INSERT INTO taskassignment(taskid, volounteerid) VALUES ('37d946c6-4ec7-4cf7-b1a9-67fa722a9481', '25ae64f6-8518-499d-9c9a-4207ebbf0d5a') ON CONFLICT DO NOTHING;
INSERT INTO taskassignment(taskid, volounteerid) VALUES ('8790b907-504f-4087-9e46-7186d776eb24', '014a1d1f-60bb-4c1e-88fc-423d5903152b') ON CONFLICT DO NOTHING;
INSERT INTO taskassignment(taskid, volounteerid) VALUES ('81c8fc35-91f6-4da8-8116-f971b5576d7e', '7794904f-e6cf-4609-acbf-ba659675c803') ON CONFLICT DO NOTHING;
INSERT INTO taskassignment(taskid, volounteerid) VALUES ('ed37fb42-ec1a-4c52-b520-35e53bdeacd2', '7c9ccfe9-dfc0-4b63-96ad-ef7437024b1b') ON CONFLICT DO NOTHING;
INSERT INTO taskassignment(taskid, volounteerid) VALUES ('f835d56f-aee5-417b-aa4d-53fb1bdd55d5', 'bd94cfd3-7018-415f-9144-83096f947ba7') ON CONFLICT DO NOTHING;
INSERT INTO taskassignment(taskid, volounteerid) VALUES ('c26a9b97-0891-4835-b748-d84b7714af14', 'd17ff5f9-7d34-487d-b360-07f7a20da75c') ON CONFLICT DO NOTHING;
INSERT INTO taskassignment(taskid, volounteerid) VALUES ('cd7fffff-1a43-4ffa-89d8-f3090b1d6de9', '4286d3c8-f25c-4f2b-8c1f-2b4f12c9713a') ON CONFLICT DO NOTHING;
INSERT INTO taskassignment(taskid, volounteerid) VALUES ('d9ad400c-9869-4006-a732-18901f69a0cd', '748fcfb4-cfeb-4c30-aa00-9cbb61971c4b') ON CONFLICT DO NOTHING;
INSERT INTO taskassignment(taskid, volounteerid) VALUES ('914d0675-a2b4-4426-a403-c51253df78a7', '45957ab3-6e63-4fb0-8c21-f056bed27d78') ON CONFLICT DO NOTHING;
INSERT INTO taskassignment(taskid, volounteerid) VALUES ('0f208cf7-b38f-488c-bc11-22e1686bb976', 'f3687fb7-9126-43a1-90b9-556af2964e3e') ON CONFLICT DO NOTHING;
INSERT INTO taskassignment(taskid, volounteerid) VALUES ('31e92a3c-1688-4fae-80e6-621f0ab9db88', '1dc51fcf-1243-4294-9180-762fee429dba') ON CONFLICT DO NOTHING;
INSERT INTO taskassignment(taskid, volounteerid) VALUES ('dda03534-9dd3-40cb-94b7-fa74277aecc0', '839bd51b-c70f-44be-b9a3-d12c6be96334') ON CONFLICT DO NOTHING;
INSERT INTO taskassignment(taskid, volounteerid) VALUES ('47a9b60d-db78-4525-9445-5579eb320e3b', 'aedea131-52ad-4d5b-9ca7-cff1c9241706') ON CONFLICT DO NOTHING;
INSERT INTO taskassignment(taskid, volounteerid) VALUES ('ed37fb42-ec1a-4c52-b520-35e53bdeacd2', 'cee5ed31-0df2-4c45-8689-289b555ee1c1') ON CONFLICT DO NOTHING;
INSERT INTO taskassignment(taskid, volounteerid) VALUES ('a148d1f5-b66c-49df-9c1e-e5b15fd0e0eb', '50ffd3cf-3ac3-46b1-9b44-b632e09e50c5') ON CONFLICT DO NOTHING;
INSERT INTO taskassignment(taskid, volounteerid) VALUES ('447ab023-3c16-4e5c-b514-39927453f8a1', 'aedea131-52ad-4d5b-9ca7-cff1c9241706') ON CONFLICT DO NOTHING;
INSERT INTO taskassignment(taskid, volounteerid) VALUES ('93863f63-1ad1-409e-8f09-026edbdfd3cb', '7d22e7d1-c182-45b6-a642-9aa587e3affb') ON CONFLICT DO NOTHING;
INSERT INTO taskassignment(taskid, volounteerid) VALUES ('627d6140-e22f-44d7-b8ab-f9a4944cc47a', 'b3707fb0-246e-4baa-8af5-fd357009ec81') ON CONFLICT DO NOTHING;
INSERT INTO taskassignment(taskid, volounteerid) VALUES ('47a9b60d-db78-4525-9445-5579eb320e3b', '9261fa79-30d0-43f8-b914-88116afc8ee3') ON CONFLICT DO NOTHING;
INSERT INTO taskassignment(taskid, volounteerid) VALUES ('7eefdc2e-b3d6-4f98-9f7f-98975af85170', '7b85e418-937b-4697-bb90-fb0d493aaf81') ON CONFLICT DO NOTHING;
INSERT INTO taskassignment(taskid, volounteerid) VALUES ('ed37fb42-ec1a-4c52-b520-35e53bdeacd2', '86321adb-67e6-4c0b-96e2-42be93acd42c') ON CONFLICT DO NOTHING;
INSERT INTO taskassignment(taskid, volounteerid) VALUES ('e8140ceb-8244-47c0-9738-36acd8f3222f', '50ffd3cf-3ac3-46b1-9b44-b632e09e50c5') ON CONFLICT DO NOTHING;
INSERT INTO taskassignment(taskid, volounteerid) VALUES ('0f208cf7-b38f-488c-bc11-22e1686bb976', 'd96ee78e-26d6-401d-b917-1ff1e75632af') ON CONFLICT DO NOTHING;
INSERT INTO taskassignment(taskid, volounteerid) VALUES ('eb2f63bf-33f5-4b5e-8fc7-67f61f3bed3d', '7794904f-e6cf-4609-acbf-ba659675c803') ON CONFLICT DO NOTHING;
INSERT INTO taskassignment(taskid, volounteerid) VALUES ('fb52b93e-47b9-4fb9-8282-6d9ec2aa92ab', 'fb45410e-fd0b-45c9-9dd1-a3bf0abb849b') ON CONFLICT DO NOTHING;
INSERT INTO taskassignment(taskid, volounteerid) VALUES ('627d6140-e22f-44d7-b8ab-f9a4944cc47a', 'bec16bae-f8f5-49bf-b2cf-06f011892868') ON CONFLICT DO NOTHING;
INSERT INTO taskassignment(taskid, volounteerid) VALUES ('1e1af971-056b-4671-888d-8bbcf53d609e', '01577644-d91b-4a45-93b2-4fd57e6a9378') ON CONFLICT DO NOTHING;
INSERT INTO taskassignment(taskid, volounteerid) VALUES ('a29194bd-8c24-4713-87ab-6c88367c0969', '7db06a9a-f3c3-4238-bb5e-74a97ca65e19') ON CONFLICT DO NOTHING;
INSERT INTO taskassignment(taskid, volounteerid) VALUES ('48f76ebe-bdb9-4375-9d14-9948ea7e4624', '96c37429-4b6f-4272-8e3f-da718cf14909') ON CONFLICT DO NOTHING;
INSERT INTO taskassignment(taskid, volounteerid) VALUES ('20f65632-4f2c-46aa-8f91-3178a3126d34', 'f3687fb7-9126-43a1-90b9-556af2964e3e') ON CONFLICT DO NOTHING;
INSERT INTO taskassignment(taskid, volounteerid) VALUES ('ec7af1fe-9204-4fd6-b9a4-eb9266cbbb87', 'bf3d699f-f8c6-4fba-9c76-b823204081b7') ON CONFLICT DO NOTHING;
INSERT INTO taskassignment(taskid, volounteerid) VALUES ('04baf9b4-a775-44b2-bb01-721ece2a2584', '27371228-c5f4-4c53-8286-e721afb7aff3') ON CONFLICT DO NOTHING;
INSERT INTO taskassignment(taskid, volounteerid) VALUES ('a6ef8381-ef99-4052-b875-9194d43e25e8', '38241eaa-3a4f-4b49-8fc7-7526a4b9130b') ON CONFLICT DO NOTHING;
INSERT INTO taskassignment(taskid, volounteerid) VALUES ('eb2f63bf-33f5-4b5e-8fc7-67f61f3bed3d', '9261fa79-30d0-43f8-b914-88116afc8ee3') ON CONFLICT DO NOTHING;
INSERT INTO taskassignment(taskid, volounteerid) VALUES ('1019ad70-2c8a-485d-8942-8fd959d7016b', 'c1c8ade7-ce36-4a63-adc9-8f44333b50a5') ON CONFLICT DO NOTHING;
INSERT INTO taskassignment(taskid, volounteerid) VALUES ('f11619c6-5aff-49d9-86d2-522e99c7a7f2', '8cd5ee1c-56de-4318-8e6d-ae05c415dabf') ON CONFLICT DO NOTHING;
INSERT INTO taskassignment(taskid, volounteerid) VALUES ('63f0f929-0ba9-4e70-a1f9-39265d56d5cd', '1c6a47f3-e613-434a-881a-932c9b226fe1') ON CONFLICT DO NOTHING;
INSERT INTO taskassignment(taskid, volounteerid) VALUES ('386015be-f540-47ba-a4b8-9b1a12849087', 'eec3924c-13ea-4387-ac2a-db2411a1eb6f') ON CONFLICT DO NOTHING;
INSERT INTO taskassignment(taskid, volounteerid) VALUES ('37d946c6-4ec7-4cf7-b1a9-67fa722a9481', 'ea4fa163-bad7-4f22-ab43-27d9e034891c') ON CONFLICT DO NOTHING;
INSERT INTO taskassignment(taskid, volounteerid) VALUES ('48b5e114-b684-4cdc-a166-2b3dc1e262d0', 'c5d2062e-69ab-4a42-912b-6780bdc184a7') ON CONFLICT DO NOTHING;
INSERT INTO taskassignment(taskid, volounteerid) VALUES ('5a61b5b5-eb3d-463b-8f96-1481fcf37652', '5b7621c9-56ab-46f2-951f-3880bc802ca6') ON CONFLICT DO NOTHING;
INSERT INTO taskassignment(taskid, volounteerid) VALUES ('20f65632-4f2c-46aa-8f91-3178a3126d34', 'e3793d67-77c9-4047-9ea4-f2b09b853f7d') ON CONFLICT DO NOTHING;
INSERT INTO taskassignment(taskid, volounteerid) VALUES ('447ab023-3c16-4e5c-b514-39927453f8a1', '4286d3c8-f25c-4f2b-8c1f-2b4f12c9713a') ON CONFLICT DO NOTHING;
INSERT INTO taskassignment(taskid, volounteerid) VALUES ('48b5e114-b684-4cdc-a166-2b3dc1e262d0', '624792bc-ba9b-47ae-ab49-99c2d1e57399') ON CONFLICT DO NOTHING;
INSERT INTO taskassignment(taskid, volounteerid) VALUES ('21ea5300-5535-4821-b80e-0df3a663bdb5', '624792bc-ba9b-47ae-ab49-99c2d1e57399') ON CONFLICT DO NOTHING;
INSERT INTO taskassignment(taskid, volounteerid) VALUES ('808f438a-f036-4167-b46c-9361bb8d28a8', 'f70df637-95c3-4e6b-8bde-5316661dd5a0') ON CONFLICT DO NOTHING;
INSERT INTO taskassignment(taskid, volounteerid) VALUES ('79bbe549-3a88-40b9-affb-9ec3cbef4c43', '6fabf62d-881d-4758-9de5-fb613f9d4a58') ON CONFLICT DO NOTHING;
INSERT INTO taskassignment(taskid, volounteerid) VALUES ('0305b8eb-df69-4d4e-8c1a-da54b6b1695a', '66d52860-bef4-42b9-942b-e4f75b7b3a04') ON CONFLICT DO NOTHING;
INSERT INTO taskassignment(taskid, volounteerid) VALUES ('9973e1f4-32a9-4671-a2f4-93d2572c0dda', 'c4825db1-47f2-476e-b78f-4645f4511d25') ON CONFLICT DO NOTHING;
INSERT INTO taskassignment(taskid, volounteerid) VALUES ('eb2f63bf-33f5-4b5e-8fc7-67f61f3bed3d', '5848ed73-de39-491d-aa35-2ffd6f870c2e') ON CONFLICT DO NOTHING;
INSERT INTO taskassignment(taskid, volounteerid) VALUES ('808f438a-f036-4167-b46c-9361bb8d28a8', 'bb7562e6-ebaf-48ac-aec4-52fda5329846') ON CONFLICT DO NOTHING;
INSERT INTO eventvolunteer(eventid, volunteerid, isaccepted) VALUES ('4be8dc6d-1e52-4649-8312-1c499ebcab93', 'ab6b0ca8-eec7-4000-a07e-0a45ecf397cb', true) ON CONFLICT DO NOTHING;
INSERT INTO eventvolunteer(eventid, volunteerid, isaccepted) VALUES ('8914e697-e934-42cb-abd1-101fd517692c', 'cee5ed31-0df2-4c45-8689-289b555ee1c1', true) ON CONFLICT DO NOTHING;
INSERT INTO eventvolunteer(eventid, volunteerid, isaccepted) VALUES ('46fc8eaa-7456-46e0-9a6a-5188a3267d0a', '45faf521-c60a-44ec-bb79-e8be90cea97d', true) ON CONFLICT DO NOTHING;
INSERT INTO eventvolunteer(eventid, volunteerid, isaccepted) VALUES ('8ef8528d-ddd5-487d-bb13-5325394f98ef', 'd7e0ae80-4f42-4809-987a-28390074173c', true) ON CONFLICT DO NOTHING;
INSERT INTO eventvolunteer(eventid, volunteerid, isaccepted) VALUES ('ea161e6e-5fce-4c13-bdf3-2f0c760e91bf', 'd7e0ae80-4f42-4809-987a-28390074173c', true) ON CONFLICT DO NOTHING;
INSERT INTO eventvolunteer(eventid, volunteerid, isaccepted) VALUES ('18646a8b-9172-415c-9494-905821e25ec7', '128214c7-abe8-46ab-8323-0a7814a902bd', true) ON CONFLICT DO NOTHING;
INSERT INTO eventvolunteer(eventid, volunteerid, isaccepted) VALUES ('853d0da5-17cc-46b9-9f77-88816a4c7986', 'aedea131-52ad-4d5b-9ca7-cff1c9241706', true) ON CONFLICT DO NOTHING;
INSERT INTO eventvolunteer(eventid, volunteerid, isaccepted) VALUES ('8914e697-e934-42cb-abd1-101fd517692c', 'c1c8ade7-ce36-4a63-adc9-8f44333b50a5', true) ON CONFLICT DO NOTHING;
INSERT INTO eventvolunteer(eventid, volunteerid, isaccepted) VALUES ('bdcbe499-9355-44c7-b53f-22f56c7265bf', '854f0ea5-9177-4334-945a-5caaa29b6bb2', true) ON CONFLICT DO NOTHING;
INSERT INTO eventvolunteer(eventid, volunteerid, isaccepted) VALUES ('ea161e6e-5fce-4c13-bdf3-2f0c760e91bf', '854d7dc4-dbe6-4f8b-a4ea-f545666cff8b', true) ON CONFLICT DO NOTHING;
INSERT INTO eventvolunteer(eventid, volunteerid, isaccepted) VALUES ('4be8dc6d-1e52-4649-8312-1c499ebcab93', '014a1d1f-60bb-4c1e-88fc-423d5903152b', true) ON CONFLICT DO NOTHING;
INSERT INTO eventvolunteer(eventid, volunteerid, isaccepted) VALUES ('bdcbe499-9355-44c7-b53f-22f56c7265bf', '518bd3c5-3043-425b-a943-3f513d14d08e', true) ON CONFLICT DO NOTHING;
INSERT INTO eventvolunteer(eventid, volunteerid, isaccepted) VALUES ('ea161e6e-5fce-4c13-bdf3-2f0c760e91bf', '854d7dc4-dbe6-4f8b-a4ea-f545666cff8b', true) ON CONFLICT DO NOTHING;
INSERT INTO eventvolunteer(eventid, volunteerid, isaccepted) VALUES ('9606ae44-ebec-49b8-9e39-7f8b3d0c4cdc', 'b9d497ba-9525-4273-bdef-f9faf47d9b7e', true) ON CONFLICT DO NOTHING;
INSERT INTO eventvolunteer(eventid, volunteerid, isaccepted) VALUES ('4be8dc6d-1e52-4649-8312-1c499ebcab93', 'a8b412c2-8f4a-4359-98d8-cb2b402452df', true) ON CONFLICT DO NOTHING;
INSERT INTO eventvolunteer(eventid, volunteerid, isaccepted) VALUES ('853d0da5-17cc-46b9-9f77-88816a4c7986', '1ec5d74d-d13f-4f89-a1de-5fafb18f069e', true) ON CONFLICT DO NOTHING;
INSERT INTO eventvolunteer(eventid, volunteerid, isaccepted) VALUES ('46fc8eaa-7456-46e0-9a6a-5188a3267d0a', '68a08365-b98c-43d3-ad84-c8b74e4cce94', true) ON CONFLICT DO NOTHING;
INSERT INTO eventvolunteer(eventid, volunteerid, isaccepted) VALUES ('8338ad81-00c5-4c58-8d7d-6e265d94249e', 'e1353cfa-3d90-4288-a9a3-8a421831812e', true) ON CONFLICT DO NOTHING;
INSERT INTO eventvolunteer(eventid, volunteerid, isaccepted) VALUES ('8ef8528d-ddd5-487d-bb13-5325394f98ef', 'aa1c231e-0dc0-4c05-98ae-1ab5108d58cf', true) ON CONFLICT DO NOTHING;
INSERT INTO eventvolunteer(eventid, volunteerid, isaccepted) VALUES ('a7affde3-6b83-48f5-813a-31ec491765d5', '7d22e7d1-c182-45b6-a642-9aa587e3affb', true) ON CONFLICT DO NOTHING;
INSERT INTO eventvolunteer(eventid, volunteerid, isaccepted) VALUES ('a7affde3-6b83-48f5-813a-31ec491765d5', '2fe282c3-c2c8-4678-b3ca-f7b8379c8673', true) ON CONFLICT DO NOTHING;
INSERT INTO eventvolunteer(eventid, volunteerid, isaccepted) VALUES ('853d0da5-17cc-46b9-9f77-88816a4c7986', '7db06a9a-f3c3-4238-bb5e-74a97ca65e19', true) ON CONFLICT DO NOTHING;
INSERT INTO eventvolunteer(eventid, volunteerid, isaccepted) VALUES ('18646a8b-9172-415c-9494-905821e25ec7', 'ea4fa163-bad7-4f22-ab43-27d9e034891c', true) ON CONFLICT DO NOTHING;
INSERT INTO eventvolunteer(eventid, volunteerid, isaccepted) VALUES ('b9bea810-2a6f-443c-965c-4210f4e5a958', 'd54cb263-3317-418c-bacc-1ecc28d0d199', true) ON CONFLICT DO NOTHING;
INSERT INTO eventvolunteer(eventid, volunteerid, isaccepted) VALUES ('8914e697-e934-42cb-abd1-101fd517692c', 'aedea131-52ad-4d5b-9ca7-cff1c9241706', true) ON CONFLICT DO NOTHING;
INSERT INTO eventvolunteer(eventid, volunteerid, isaccepted) VALUES ('8914e697-e934-42cb-abd1-101fd517692c', 'b8ee1d1d-db99-4736-9a5d-e19f7c6a9fcb', true) ON CONFLICT DO NOTHING;
INSERT INTO eventvolunteer(eventid, volunteerid, isaccepted) VALUES ('c44840dd-be63-4e4b-af7b-0f198aaf74bf', 'b7dd5cef-52de-4b1c-9840-28bf3f7f0095', true) ON CONFLICT DO NOTHING;
INSERT INTO eventvolunteer(eventid, volunteerid, isaccepted) VALUES ('c44840dd-be63-4e4b-af7b-0f198aaf74bf', '854f0ea5-9177-4334-945a-5caaa29b6bb2', true) ON CONFLICT DO NOTHING;
INSERT INTO eventvolunteer(eventid, volunteerid, isaccepted) VALUES ('8338ad81-00c5-4c58-8d7d-6e265d94249e', '7d22e7d1-c182-45b6-a642-9aa587e3affb', true) ON CONFLICT DO NOTHING;
INSERT INTO eventvolunteer(eventid, volunteerid, isaccepted) VALUES ('8338ad81-00c5-4c58-8d7d-6e265d94249e', 'bb7562e6-ebaf-48ac-aec4-52fda5329846', true) ON CONFLICT DO NOTHING;
INSERT INTO eventvolunteer(eventid, volunteerid, isaccepted) VALUES ('18646a8b-9172-415c-9494-905821e25ec7', '38241eaa-3a4f-4b49-8fc7-7526a4b9130b', true) ON CONFLICT DO NOTHING;
INSERT INTO eventvolunteer(eventid, volunteerid, isaccepted) VALUES ('853d0da5-17cc-46b9-9f77-88816a4c7986', '5d1005e4-7d50-474b-84e6-086e4334a040', true) ON CONFLICT DO NOTHING;
INSERT INTO eventvolunteer(eventid, volunteerid, isaccepted) VALUES ('c44840dd-be63-4e4b-af7b-0f198aaf74bf', '624792bc-ba9b-47ae-ab49-99c2d1e57399', true) ON CONFLICT DO NOTHING;
INSERT INTO eventvolunteer(eventid, volunteerid, isaccepted) VALUES ('4be8dc6d-1e52-4649-8312-1c499ebcab93', 'aedea131-52ad-4d5b-9ca7-cff1c9241706', true) ON CONFLICT DO NOTHING;
INSERT INTO eventvolunteer(eventid, volunteerid, isaccepted) VALUES ('f18db14b-3de9-4716-893c-1661671ed282', '68462cea-3d36-489b-9fad-955610b507b4', true) ON CONFLICT DO NOTHING;
INSERT INTO eventvolunteer(eventid, volunteerid, isaccepted) VALUES ('4be8dc6d-1e52-4649-8312-1c499ebcab93', 'b8ee1d1d-db99-4736-9a5d-e19f7c6a9fcb', true) ON CONFLICT DO NOTHING;
INSERT INTO eventvolunteer(eventid, volunteerid, isaccepted) VALUES ('b3c607ad-9b10-44f8-aa28-9dccff8c54e8', '4d3ee164-fad7-4b91-b9c4-28e88102ea03', true) ON CONFLICT DO NOTHING;
INSERT INTO eventvolunteer(eventid, volunteerid, isaccepted) VALUES ('8ef8528d-ddd5-487d-bb13-5325394f98ef', 'cb6dfd77-df47-4aca-bcd1-c1aebbfee52f', true) ON CONFLICT DO NOTHING;
INSERT INTO eventvolunteer(eventid, volunteerid, isaccepted) VALUES ('b7333ae3-dc3c-46e7-86ea-1572499b8dd7', 'c5d2062e-69ab-4a42-912b-6780bdc184a7', true) ON CONFLICT DO NOTHING;
INSERT INTO eventvolunteer(eventid, volunteerid, isaccepted) VALUES ('a7affde3-6b83-48f5-813a-31ec491765d5', '769b335b-2c22-4c14-9f43-dd3cd04fa5eb', true) ON CONFLICT DO NOTHING;
INSERT INTO eventvolunteer(eventid, volunteerid, isaccepted) VALUES ('8338ad81-00c5-4c58-8d7d-6e265d94249e', '014a1d1f-60bb-4c1e-88fc-423d5903152b', true) ON CONFLICT DO NOTHING;
INSERT INTO eventvolunteer(eventid, volunteerid, isaccepted) VALUES ('4be8dc6d-1e52-4649-8312-1c499ebcab93', 'b7e19eaa-d7ee-4fb8-bd1c-3a60f0bde6bf', true) ON CONFLICT DO NOTHING;
INSERT INTO eventvolunteer(eventid, volunteerid, isaccepted) VALUES ('1e153d76-5e56-40a4-99da-364533c7d609', '2fe282c3-c2c8-4678-b3ca-f7b8379c8673', true) ON CONFLICT DO NOTHING;
INSERT INTO eventvolunteer(eventid, volunteerid, isaccepted) VALUES ('8ef8528d-ddd5-487d-bb13-5325394f98ef', 'f23b68e2-a9e0-48aa-8f69-aefa22f6830d', true) ON CONFLICT DO NOTHING;
INSERT INTO eventvolunteer(eventid, volunteerid, isaccepted) VALUES ('4124cc66-95ef-4c5f-b5d1-dc9a943f0593', '66d52860-bef4-42b9-942b-e4f75b7b3a04', true) ON CONFLICT DO NOTHING;
INSERT INTO eventvolunteer(eventid, volunteerid, isaccepted) VALUES ('8ef8528d-ddd5-487d-bb13-5325394f98ef', '0e0ca403-cd62-4d36-873f-3164a4fd2a6d', true) ON CONFLICT DO NOTHING;
INSERT INTO eventvolunteer(eventid, volunteerid, isaccepted) VALUES ('9606ae44-ebec-49b8-9e39-7f8b3d0c4cdc', 'c20ba9c9-ab6c-4433-880f-b66f191b0e86', true) ON CONFLICT DO NOTHING;
INSERT INTO eventvolunteer(eventid, volunteerid, isaccepted) VALUES ('c44840dd-be63-4e4b-af7b-0f198aaf74bf', 'e1353cfa-3d90-4288-a9a3-8a421831812e', true) ON CONFLICT DO NOTHING;
INSERT INTO eventvolunteer(eventid, volunteerid, isaccepted) VALUES ('b9bea810-2a6f-443c-965c-4210f4e5a958', 'ea4fa163-bad7-4f22-ab43-27d9e034891c', true) ON CONFLICT DO NOTHING;
INSERT INTO eventvolunteer(eventid, volunteerid, isaccepted) VALUES ('b7333ae3-dc3c-46e7-86ea-1572499b8dd7', 'eec3924c-13ea-4387-ac2a-db2411a1eb6f', true) ON CONFLICT DO NOTHING;
INSERT INTO eventvolunteer(eventid, volunteerid, isaccepted) VALUES ('c44840dd-be63-4e4b-af7b-0f198aaf74bf', '68462cea-3d36-489b-9fad-955610b507b4', true) ON CONFLICT DO NOTHING;
INSERT INTO eventvolunteer(eventid, volunteerid, isaccepted) VALUES ('9606ae44-ebec-49b8-9e39-7f8b3d0c4cdc', 'bb7562e6-ebaf-48ac-aec4-52fda5329846', true) ON CONFLICT DO NOTHING;
INSERT INTO eventvolunteer(eventid, volunteerid, isaccepted) VALUES ('a7affde3-6b83-48f5-813a-31ec491765d5', '1dc51fcf-1243-4294-9180-762fee429dba', true) ON CONFLICT DO NOTHING;
INSERT INTO eventvolunteer(eventid, volunteerid, isaccepted) VALUES ('a7affde3-6b83-48f5-813a-31ec491765d5', 'fa5fd5df-1b29-4a08-bd43-1028653dbf92', true) ON CONFLICT DO NOTHING;
INSERT INTO eventvolunteer(eventid, volunteerid, isaccepted) VALUES ('8338ad81-00c5-4c58-8d7d-6e265d94249e', 'ef15f6c3-9d08-4158-9533-c585f0538aa0', true) ON CONFLICT DO NOTHING;
INSERT INTO eventvolunteer(eventid, volunteerid, isaccepted) VALUES ('c44840dd-be63-4e4b-af7b-0f198aaf74bf', '748fcfb4-cfeb-4c30-aa00-9cbb61971c4b', true) ON CONFLICT DO NOTHING;
INSERT INTO eventvolunteer(eventid, volunteerid, isaccepted) VALUES ('4124cc66-95ef-4c5f-b5d1-dc9a943f0593', 'e56f1745-67ad-4b0b-bb6f-f9b47420d8f6', true) ON CONFLICT DO NOTHING;
INSERT INTO eventvolunteer(eventid, volunteerid, isaccepted) VALUES ('8338ad81-00c5-4c58-8d7d-6e265d94249e', '222f75d0-6970-45a0-a459-cdaec272c079', true) ON CONFLICT DO NOTHING;
INSERT INTO eventvolunteer(eventid, volunteerid, isaccepted) VALUES ('4be8dc6d-1e52-4649-8312-1c499ebcab93', '9dea17a8-c075-42f0-ad27-2e808fe065e3', true) ON CONFLICT DO NOTHING;
INSERT INTO eventvolunteer(eventid, volunteerid, isaccepted) VALUES ('b7333ae3-dc3c-46e7-86ea-1572499b8dd7', 'c1c8ade7-ce36-4a63-adc9-8f44333b50a5', true) ON CONFLICT DO NOTHING;
INSERT INTO eventvolunteer(eventid, volunteerid, isaccepted) VALUES ('8914e697-e934-42cb-abd1-101fd517692c', 'ef15f6c3-9d08-4158-9533-c585f0538aa0', true) ON CONFLICT DO NOTHING;
INSERT INTO eventvolunteer(eventid, volunteerid, isaccepted) VALUES ('21914ea6-8a0e-48ee-bc5c-66213d64ba6f', '4d3ee164-fad7-4b91-b9c4-28e88102ea03', true) ON CONFLICT DO NOTHING;
INSERT INTO eventvolunteer(eventid, volunteerid, isaccepted) VALUES ('46fc8eaa-7456-46e0-9a6a-5188a3267d0a', '45faf521-c60a-44ec-bb79-e8be90cea97d', true) ON CONFLICT DO NOTHING;
INSERT INTO eventvolunteer(eventid, volunteerid, isaccepted) VALUES ('8914e697-e934-42cb-abd1-101fd517692c', '6d9858c9-c6ab-44de-8ccd-c018dcb6980b', true) ON CONFLICT DO NOTHING;
INSERT INTO eventvolunteer(eventid, volunteerid, isaccepted) VALUES ('b7333ae3-dc3c-46e7-86ea-1572499b8dd7', 'e56f1745-67ad-4b0b-bb6f-f9b47420d8f6', true) ON CONFLICT DO NOTHING;
INSERT INTO eventvolunteer(eventid, volunteerid, isaccepted) VALUES ('8338ad81-00c5-4c58-8d7d-6e265d94249e', '5219d177-143f-4451-a7d4-e9cbcd77a35b', true) ON CONFLICT DO NOTHING;
INSERT INTO eventvolunteer(eventid, volunteerid, isaccepted) VALUES ('8914e697-e934-42cb-abd1-101fd517692c', 'c5d2062e-69ab-4a42-912b-6780bdc184a7', true) ON CONFLICT DO NOTHING;
INSERT INTO eventvolunteer(eventid, volunteerid, isaccepted) VALUES ('8914e697-e934-42cb-abd1-101fd517692c', 'd17ff5f9-7d34-487d-b360-07f7a20da75c', true) ON CONFLICT DO NOTHING;
INSERT INTO eventvolunteer(eventid, volunteerid, isaccepted) VALUES ('ea161e6e-5fce-4c13-bdf3-2f0c760e91bf', '839bd51b-c70f-44be-b9a3-d12c6be96334', true) ON CONFLICT DO NOTHING;
INSERT INTO eventvolunteer(eventid, volunteerid, isaccepted) VALUES ('8338ad81-00c5-4c58-8d7d-6e265d94249e', 'f3687fb7-9126-43a1-90b9-556af2964e3e', true) ON CONFLICT DO NOTHING;
INSERT INTO eventvolunteer(eventid, volunteerid, isaccepted) VALUES ('8ef8528d-ddd5-487d-bb13-5325394f98ef', '5d1005e4-7d50-474b-84e6-086e4334a040', true) ON CONFLICT DO NOTHING;
INSERT INTO eventvolunteer(eventid, volunteerid, isaccepted) VALUES ('46fc8eaa-7456-46e0-9a6a-5188a3267d0a', 'c1c8ade7-ce36-4a63-adc9-8f44333b50a5', true) ON CONFLICT DO NOTHING;
INSERT INTO eventvolunteer(eventid, volunteerid, isaccepted) VALUES ('4124cc66-95ef-4c5f-b5d1-dc9a943f0593', '854f0ea5-9177-4334-945a-5caaa29b6bb2', true) ON CONFLICT DO NOTHING;
INSERT INTO eventvolunteer(eventid, volunteerid, isaccepted) VALUES ('a7affde3-6b83-48f5-813a-31ec491765d5', '27371228-c5f4-4c53-8286-e721afb7aff3', true) ON CONFLICT DO NOTHING;
INSERT INTO eventvolunteer(eventid, volunteerid, isaccepted) VALUES ('46fc8eaa-7456-46e0-9a6a-5188a3267d0a', '79ffec85-e09e-4c57-b762-46281b848772', true) ON CONFLICT DO NOTHING;
INSERT INTO eventvolunteer(eventid, volunteerid, isaccepted) VALUES ('9606ae44-ebec-49b8-9e39-7f8b3d0c4cdc', '7794904f-e6cf-4609-acbf-ba659675c803', true) ON CONFLICT DO NOTHING;
INSERT INTO eventvolunteer(eventid, volunteerid, isaccepted) VALUES ('c44840dd-be63-4e4b-af7b-0f198aaf74bf', 'b7e19eaa-d7ee-4fb8-bd1c-3a60f0bde6bf', true) ON CONFLICT DO NOTHING;
INSERT INTO eventvolunteer(eventid, volunteerid, isaccepted) VALUES ('9606ae44-ebec-49b8-9e39-7f8b3d0c4cdc', 'f6253c83-5759-4727-b388-570d12f7fa8a', true) ON CONFLICT DO NOTHING;
INSERT INTO eventvolunteer(eventid, volunteerid, isaccepted) VALUES ('b3c607ad-9b10-44f8-aa28-9dccff8c54e8', '20149580-dd4a-4ca9-a369-c4f31656db24', true) ON CONFLICT DO NOTHING;
INSERT INTO eventvolunteer(eventid, volunteerid, isaccepted) VALUES ('8ef8528d-ddd5-487d-bb13-5325394f98ef', '9dea17a8-c075-42f0-ad27-2e808fe065e3', true) ON CONFLICT DO NOTHING;
INSERT INTO eventvolunteer(eventid, volunteerid, isaccepted) VALUES ('ea161e6e-5fce-4c13-bdf3-2f0c760e91bf', '8c23f03e-456e-4c97-9e7f-e2c474a574d2', true) ON CONFLICT DO NOTHING;
INSERT INTO eventvolunteer(eventid, volunteerid, isaccepted) VALUES ('b7333ae3-dc3c-46e7-86ea-1572499b8dd7', '7d22e7d1-c182-45b6-a642-9aa587e3affb', true) ON CONFLICT DO NOTHING;
INSERT INTO eventvolunteer(eventid, volunteerid, isaccepted) VALUES ('c44840dd-be63-4e4b-af7b-0f198aaf74bf', 'cee5ed31-0df2-4c45-8689-289b555ee1c1', true) ON CONFLICT DO NOTHING;
INSERT INTO eventvolunteer(eventid, volunteerid, isaccepted) VALUES ('18646a8b-9172-415c-9494-905821e25ec7', 'bb7562e6-ebaf-48ac-aec4-52fda5329846', true) ON CONFLICT DO NOTHING;
INSERT INTO eventvolunteer(eventid, volunteerid, isaccepted) VALUES ('b9bea810-2a6f-443c-965c-4210f4e5a958', 'b8ee1d1d-db99-4736-9a5d-e19f7c6a9fcb', true) ON CONFLICT DO NOTHING;
INSERT INTO eventvolunteer(eventid, volunteerid, isaccepted) VALUES ('46fc8eaa-7456-46e0-9a6a-5188a3267d0a', '748fcfb4-cfeb-4c30-aa00-9cbb61971c4b', true) ON CONFLICT DO NOTHING;
INSERT INTO eventvolunteer(eventid, volunteerid, isaccepted) VALUES ('46fc8eaa-7456-46e0-9a6a-5188a3267d0a', '5848ed73-de39-491d-aa35-2ffd6f870c2e', true) ON CONFLICT DO NOTHING;
INSERT INTO eventvolunteer(eventid, volunteerid, isaccepted) VALUES ('b9bea810-2a6f-443c-965c-4210f4e5a958', '01577644-d91b-4a45-93b2-4fd57e6a9378', true) ON CONFLICT DO NOTHING;
INSERT INTO eventvolunteer(eventid, volunteerid, isaccepted) VALUES ('f18db14b-3de9-4716-893c-1661671ed282', '66d52860-bef4-42b9-942b-e4f75b7b3a04', true) ON CONFLICT DO NOTHING;
INSERT INTO eventvolunteer(eventid, volunteerid, isaccepted) VALUES ('46fc8eaa-7456-46e0-9a6a-5188a3267d0a', '128214c7-abe8-46ab-8323-0a7814a902bd', true) ON CONFLICT DO NOTHING;
INSERT INTO eventvolunteer(eventid, volunteerid, isaccepted) VALUES ('4124cc66-95ef-4c5f-b5d1-dc9a943f0593', '624792bc-ba9b-47ae-ab49-99c2d1e57399', true) ON CONFLICT DO NOTHING;
INSERT INTO eventvolunteer(eventid, volunteerid, isaccepted) VALUES ('46fc8eaa-7456-46e0-9a6a-5188a3267d0a', '0e0ca403-cd62-4d36-873f-3164a4fd2a6d', true) ON CONFLICT DO NOTHING;
INSERT INTO eventvolunteer(eventid, volunteerid, isaccepted) VALUES ('ea161e6e-5fce-4c13-bdf3-2f0c760e91bf', '518bd3c5-3043-425b-a943-3f513d14d08e', true) ON CONFLICT DO NOTHING;
INSERT INTO eventvolunteer(eventid, volunteerid, isaccepted) VALUES ('c44840dd-be63-4e4b-af7b-0f198aaf74bf', 'ef15f6c3-9d08-4158-9533-c585f0538aa0', true) ON CONFLICT DO NOTHING;
INSERT INTO eventvolunteer(eventid, volunteerid, isaccepted) VALUES ('b3c607ad-9b10-44f8-aa28-9dccff8c54e8', '96c37429-4b6f-4272-8e3f-da718cf14909', true) ON CONFLICT DO NOTHING;
INSERT INTO eventvolunteer(eventid, volunteerid, isaccepted) VALUES ('4be8dc6d-1e52-4649-8312-1c499ebcab93', '2862c771-e5f3-4688-84b5-bce31fe35709', true) ON CONFLICT DO NOTHING;
INSERT INTO eventvolunteer(eventid, volunteerid, isaccepted) VALUES ('f1a2efda-f905-4120-8e5a-c2f2d60e578a', '45faf521-c60a-44ec-bb79-e8be90cea97d', true) ON CONFLICT DO NOTHING;
INSERT INTO eventvolunteer(eventid, volunteerid, isaccepted) VALUES ('b7333ae3-dc3c-46e7-86ea-1572499b8dd7', 'aa1c231e-0dc0-4c05-98ae-1ab5108d58cf', true) ON CONFLICT DO NOTHING;
INSERT INTO eventvolunteer(eventid, volunteerid, isaccepted) VALUES ('b9bea810-2a6f-443c-965c-4210f4e5a958', 'bb7562e6-ebaf-48ac-aec4-52fda5329846', true) ON CONFLICT DO NOTHING;
INSERT INTO eventvolunteer(eventid, volunteerid, isaccepted) VALUES ('8914e697-e934-42cb-abd1-101fd517692c', '8c996e74-471a-4e1b-ba19-5da3d33ea58f', true) ON CONFLICT DO NOTHING;
INSERT INTO eventvolunteer(eventid, volunteerid, isaccepted) VALUES ('b7333ae3-dc3c-46e7-86ea-1572499b8dd7', '839bd51b-c70f-44be-b9a3-d12c6be96334', true) ON CONFLICT DO NOTHING;
INSERT INTO eventvolunteer(eventid, volunteerid, isaccepted) VALUES ('b7333ae3-dc3c-46e7-86ea-1572499b8dd7', '5e2e666d-d7b9-472a-8987-1c601c39c95a', true) ON CONFLICT DO NOTHING;
INSERT INTO eventvolunteer(eventid, volunteerid, isaccepted) VALUES ('8ef8528d-ddd5-487d-bb13-5325394f98ef', '014a1d1f-60bb-4c1e-88fc-423d5903152b', true) ON CONFLICT DO NOTHING;
INSERT INTO eventvolunteer(eventid, volunteerid, isaccepted) VALUES ('a7affde3-6b83-48f5-813a-31ec491765d5', '1ec5d74d-d13f-4f89-a1de-5fafb18f069e', true) ON CONFLICT DO NOTHING;
INSERT INTO eventvolunteer(eventid, volunteerid, isaccepted) VALUES ('8914e697-e934-42cb-abd1-101fd517692c', '769b335b-2c22-4c14-9f43-dd3cd04fa5eb', true) ON CONFLICT DO NOTHING;
INSERT INTO eventvolunteer(eventid, volunteerid, isaccepted) VALUES ('b9bea810-2a6f-443c-965c-4210f4e5a958', '128214c7-abe8-46ab-8323-0a7814a902bd', true) ON CONFLICT DO NOTHING;
INSERT INTO eventvolunteer(eventid, volunteerid, isaccepted) VALUES ('8ef8528d-ddd5-487d-bb13-5325394f98ef', 'e3793d67-77c9-4047-9ea4-f2b09b853f7d', true) ON CONFLICT DO NOTHING;
INSERT INTO eventvolunteer(eventid, volunteerid, isaccepted) VALUES ('46fc8eaa-7456-46e0-9a6a-5188a3267d0a', 'b7e19eaa-d7ee-4fb8-bd1c-3a60f0bde6bf', true) ON CONFLICT DO NOTHING;
INSERT INTO eventvolunteer(eventid, volunteerid, isaccepted) VALUES ('4124cc66-95ef-4c5f-b5d1-dc9a943f0593', '48b2ed37-31f0-4805-8a1f-95f280348f4a', true) ON CONFLICT DO NOTHING;
INSERT INTO eventvolunteer(eventid, volunteerid, isaccepted) VALUES ('4124cc66-95ef-4c5f-b5d1-dc9a943f0593', '48b2ed37-31f0-4805-8a1f-95f280348f4a', true) ON CONFLICT DO NOTHING;
INSERT INTO eventvolunteer(eventid, volunteerid, isaccepted) VALUES ('b9bea810-2a6f-443c-965c-4210f4e5a958', 'fa5fd5df-1b29-4a08-bd43-1028653dbf92', true) ON CONFLICT DO NOTHING;
INSERT INTO eventvolunteer(eventid, volunteerid, isaccepted) VALUES ('a7affde3-6b83-48f5-813a-31ec491765d5', 'c20ba9c9-ab6c-4433-880f-b66f191b0e86', true) ON CONFLICT DO NOTHING;
INSERT INTO eventvolunteer(eventid, volunteerid, isaccepted) VALUES ('21914ea6-8a0e-48ee-bc5c-66213d64ba6f', 'ea4fa163-bad7-4f22-ab43-27d9e034891c', true) ON CONFLICT DO NOTHING;
INSERT INTO eventvolunteer(eventid, volunteerid, isaccepted) VALUES ('a7affde3-6b83-48f5-813a-31ec491765d5', '9829b700-87b1-43a4-bce0-f1857c555968', true) ON CONFLICT DO NOTHING;
INSERT INTO eventvolunteer(eventid, volunteerid, isaccepted) VALUES ('4124cc66-95ef-4c5f-b5d1-dc9a943f0593', '854f0ea5-9177-4334-945a-5caaa29b6bb2', true) ON CONFLICT DO NOTHING;
INSERT INTO eventvolunteer(eventid, volunteerid, isaccepted) VALUES ('4be8dc6d-1e52-4649-8312-1c499ebcab93', '45faf521-c60a-44ec-bb79-e8be90cea97d', true) ON CONFLICT DO NOTHING;
INSERT INTO eventvolunteer(eventid, volunteerid, isaccepted) VALUES ('b7333ae3-dc3c-46e7-86ea-1572499b8dd7', '5d1005e4-7d50-474b-84e6-086e4334a040', true) ON CONFLICT DO NOTHING;
INSERT INTO eventvolunteer(eventid, volunteerid, isaccepted) VALUES ('9606ae44-ebec-49b8-9e39-7f8b3d0c4cdc', 'f70df637-95c3-4e6b-8bde-5316661dd5a0', true) ON CONFLICT DO NOTHING;
INSERT INTO eventvolunteer(eventid, volunteerid, isaccepted) VALUES ('8ef8528d-ddd5-487d-bb13-5325394f98ef', 'b3707fb0-246e-4baa-8af5-fd357009ec81', true) ON CONFLICT DO NOTHING;
INSERT INTO eventvolunteer(eventid, volunteerid, isaccepted) VALUES ('21914ea6-8a0e-48ee-bc5c-66213d64ba6f', 'aa1c231e-0dc0-4c05-98ae-1ab5108d58cf', true) ON CONFLICT DO NOTHING;
INSERT INTO eventvolunteer(eventid, volunteerid, isaccepted) VALUES ('b7333ae3-dc3c-46e7-86ea-1572499b8dd7', 'f70df637-95c3-4e6b-8bde-5316661dd5a0', true) ON CONFLICT DO NOTHING;
INSERT INTO eventvolunteer(eventid, volunteerid, isaccepted) VALUES ('f18db14b-3de9-4716-893c-1661671ed282', 'cb6dfd77-df47-4aca-bcd1-c1aebbfee52f', true) ON CONFLICT DO NOTHING;
INSERT INTO eventvolunteer(eventid, volunteerid, isaccepted) VALUES ('8338ad81-00c5-4c58-8d7d-6e265d94249e', '20149580-dd4a-4ca9-a369-c4f31656db24', true) ON CONFLICT DO NOTHING;
INSERT INTO eventvolunteer(eventid, volunteerid, isaccepted) VALUES ('ea161e6e-5fce-4c13-bdf3-2f0c760e91bf', '9829b700-87b1-43a4-bce0-f1857c555968', true) ON CONFLICT DO NOTHING;
INSERT INTO eventvolunteer(eventid, volunteerid, isaccepted) VALUES ('b7333ae3-dc3c-46e7-86ea-1572499b8dd7', '27371228-c5f4-4c53-8286-e721afb7aff3', true) ON CONFLICT DO NOTHING;
INSERT INTO eventvolunteer(eventid, volunteerid, isaccepted) VALUES ('c44840dd-be63-4e4b-af7b-0f198aaf74bf', '1c6a47f3-e613-434a-881a-932c9b226fe1', true) ON CONFLICT DO NOTHING;
INSERT INTO eventvolunteer(eventid, volunteerid, isaccepted) VALUES ('18646a8b-9172-415c-9494-905821e25ec7', '1ec5d74d-d13f-4f89-a1de-5fafb18f069e', true) ON CONFLICT DO NOTHING;
INSERT INTO eventvolunteer(eventid, volunteerid, isaccepted) VALUES ('1e153d76-5e56-40a4-99da-364533c7d609', '128214c7-abe8-46ab-8323-0a7814a902bd', true) ON CONFLICT DO NOTHING;
INSERT INTO eventvolunteer(eventid, volunteerid, isaccepted) VALUES ('a7affde3-6b83-48f5-813a-31ec491765d5', '52903050-e531-4dc1-9c1f-2dd45a50fd75', true) ON CONFLICT DO NOTHING;
INSERT INTO eventvolunteer(eventid, volunteerid, isaccepted) VALUES ('c44840dd-be63-4e4b-af7b-0f198aaf74bf', '222f75d0-6970-45a0-a459-cdaec272c079', true) ON CONFLICT DO NOTHING;
INSERT INTO eventvolunteer(eventid, volunteerid, isaccepted) VALUES ('8338ad81-00c5-4c58-8d7d-6e265d94249e', 'dd28adb0-d23a-4ffd-be4d-f1b61f5419fa', true) ON CONFLICT DO NOTHING;
INSERT INTO eventvolunteer(eventid, volunteerid, isaccepted) VALUES ('f18db14b-3de9-4716-893c-1661671ed282', 'e9e175dc-fb5a-4d02-a994-cf21b44ff34c', true) ON CONFLICT DO NOTHING;
INSERT INTO eventvolunteer(eventid, volunteerid, isaccepted) VALUES ('bdcbe499-9355-44c7-b53f-22f56c7265bf', '7db06a9a-f3c3-4238-bb5e-74a97ca65e19', true) ON CONFLICT DO NOTHING;
INSERT INTO eventvolunteer(eventid, volunteerid, isaccepted) VALUES ('f1a2efda-f905-4120-8e5a-c2f2d60e578a', '50ffd3cf-3ac3-46b1-9b44-b632e09e50c5', true) ON CONFLICT DO NOTHING;
INSERT INTO eventvolunteer(eventid, volunteerid, isaccepted) VALUES ('1e153d76-5e56-40a4-99da-364533c7d609', '518bd3c5-3043-425b-a943-3f513d14d08e', true) ON CONFLICT DO NOTHING;
INSERT INTO eventvolunteer(eventid, volunteerid, isaccepted) VALUES ('1e153d76-5e56-40a4-99da-364533c7d609', 'a95df91b-945f-4a2e-a565-bed4530aba52', true) ON CONFLICT DO NOTHING;
INSERT INTO eventvolunteer(eventid, volunteerid, isaccepted) VALUES ('8ef8528d-ddd5-487d-bb13-5325394f98ef', '7db06a9a-f3c3-4238-bb5e-74a97ca65e19', true) ON CONFLICT DO NOTHING;
INSERT INTO eventvolunteer(eventid, volunteerid, isaccepted) VALUES ('f18db14b-3de9-4716-893c-1661671ed282', '48b2ed37-31f0-4805-8a1f-95f280348f4a', true) ON CONFLICT DO NOTHING;
INSERT INTO eventvolunteer(eventid, volunteerid, isaccepted) VALUES ('4be8dc6d-1e52-4649-8312-1c499ebcab93', 'a8b412c2-8f4a-4359-98d8-cb2b402452df', true) ON CONFLICT DO NOTHING;
INSERT INTO eventvolunteer(eventid, volunteerid, isaccepted) VALUES ('4124cc66-95ef-4c5f-b5d1-dc9a943f0593', 'e1353cfa-3d90-4288-a9a3-8a421831812e', true) ON CONFLICT DO NOTHING;
INSERT INTO eventvolunteer(eventid, volunteerid, isaccepted) VALUES ('4124cc66-95ef-4c5f-b5d1-dc9a943f0593', '52903050-e531-4dc1-9c1f-2dd45a50fd75', true) ON CONFLICT DO NOTHING;
INSERT INTO eventvolunteer(eventid, volunteerid, isaccepted) VALUES ('b9bea810-2a6f-443c-965c-4210f4e5a958', '27371228-c5f4-4c53-8286-e721afb7aff3', true) ON CONFLICT DO NOTHING;
INSERT INTO eventvolunteer(eventid, volunteerid, isaccepted) VALUES ('a7affde3-6b83-48f5-813a-31ec491765d5', '1ec5d74d-d13f-4f89-a1de-5fafb18f069e', true) ON CONFLICT DO NOTHING;
INSERT INTO eventvolunteer(eventid, volunteerid, isaccepted) VALUES ('f1a2efda-f905-4120-8e5a-c2f2d60e578a', 'e1353cfa-3d90-4288-a9a3-8a421831812e', true) ON CONFLICT DO NOTHING;
INSERT INTO eventvolunteer(eventid, volunteerid, isaccepted) VALUES ('f18db14b-3de9-4716-893c-1661671ed282', 'e9e175dc-fb5a-4d02-a994-cf21b44ff34c', true) ON CONFLICT DO NOTHING;
INSERT INTO eventvolunteer(eventid, volunteerid, isaccepted) VALUES ('b3c607ad-9b10-44f8-aa28-9dccff8c54e8', 'c1c8ade7-ce36-4a63-adc9-8f44333b50a5', true) ON CONFLICT DO NOTHING;
INSERT INTO eventvolunteer(eventid, volunteerid, isaccepted) VALUES ('8914e697-e934-42cb-abd1-101fd517692c', '748fcfb4-cfeb-4c30-aa00-9cbb61971c4b', true) ON CONFLICT DO NOTHING;
INSERT INTO eventvolunteer(eventid, volunteerid, isaccepted) VALUES ('b9bea810-2a6f-443c-965c-4210f4e5a958', '0dbc44a4-49a1-4479-8f1a-870af0fbe6a6', true) ON CONFLICT DO NOTHING;
INSERT INTO eventvolunteer(eventid, volunteerid, isaccepted) VALUES ('4124cc66-95ef-4c5f-b5d1-dc9a943f0593', '769b335b-2c22-4c14-9f43-dd3cd04fa5eb', true) ON CONFLICT DO NOTHING;
INSERT INTO eventvolunteer(eventid, volunteerid, isaccepted) VALUES ('b7333ae3-dc3c-46e7-86ea-1572499b8dd7', '769b335b-2c22-4c14-9f43-dd3cd04fa5eb', true) ON CONFLICT DO NOTHING;
INSERT INTO eventvolunteer(eventid, volunteerid, isaccepted) VALUES ('f1a2efda-f905-4120-8e5a-c2f2d60e578a', '839bd51b-c70f-44be-b9a3-d12c6be96334', true) ON CONFLICT DO NOTHING;
INSERT INTO eventvolunteer(eventid, volunteerid, isaccepted) VALUES ('ea161e6e-5fce-4c13-bdf3-2f0c760e91bf', 'f3687fb7-9126-43a1-90b9-556af2964e3e', true) ON CONFLICT DO NOTHING;
INSERT INTO eventvolunteer(eventid, volunteerid, isaccepted) VALUES ('a7affde3-6b83-48f5-813a-31ec491765d5', 'd7e0ae80-4f42-4809-987a-28390074173c', true) ON CONFLICT DO NOTHING;
INSERT INTO eventvolunteer(eventid, volunteerid, isaccepted) VALUES ('18646a8b-9172-415c-9494-905821e25ec7', 'b8ee1d1d-db99-4736-9a5d-e19f7c6a9fcb', true) ON CONFLICT DO NOTHING;
INSERT INTO eventvolunteer(eventid, volunteerid, isaccepted) VALUES ('46fc8eaa-7456-46e0-9a6a-5188a3267d0a', '5848ed73-de39-491d-aa35-2ffd6f870c2e', true) ON CONFLICT DO NOTHING;
INSERT INTO eventvolunteer(eventid, volunteerid, isaccepted) VALUES ('b9bea810-2a6f-443c-965c-4210f4e5a958', '854d7dc4-dbe6-4f8b-a4ea-f545666cff8b', true) ON CONFLICT DO NOTHING;
INSERT INTO eventvolunteer(eventid, volunteerid, isaccepted) VALUES ('bdcbe499-9355-44c7-b53f-22f56c7265bf', '839bd51b-c70f-44be-b9a3-d12c6be96334', true) ON CONFLICT DO NOTHING;
INSERT INTO eventvolunteer(eventid, volunteerid, isaccepted) VALUES ('4124cc66-95ef-4c5f-b5d1-dc9a943f0593', 'd54cb263-3317-418c-bacc-1ecc28d0d199', true) ON CONFLICT DO NOTHING;
INSERT INTO eventvolunteer(eventid, volunteerid, isaccepted) VALUES ('ea161e6e-5fce-4c13-bdf3-2f0c760e91bf', 'd54cb263-3317-418c-bacc-1ecc28d0d199', true) ON CONFLICT DO NOTHING;
INSERT INTO eventvolunteer(eventid, volunteerid, isaccepted) VALUES ('8914e697-e934-42cb-abd1-101fd517692c', '769b335b-2c22-4c14-9f43-dd3cd04fa5eb', true) ON CONFLICT DO NOTHING;
INSERT INTO eventvolunteer(eventid, volunteerid, isaccepted) VALUES ('bdcbe499-9355-44c7-b53f-22f56c7265bf', 'c1c8ade7-ce36-4a63-adc9-8f44333b50a5', true) ON CONFLICT DO NOTHING;
INSERT INTO eventvolunteer(eventid, volunteerid, isaccepted) VALUES ('4be8dc6d-1e52-4649-8312-1c499ebcab93', '1ec5d74d-d13f-4f89-a1de-5fafb18f069e', true) ON CONFLICT DO NOTHING;
INSERT INTO eventvolunteer(eventid, volunteerid, isaccepted) VALUES ('8ef8528d-ddd5-487d-bb13-5325394f98ef', 'fb45410e-fd0b-45c9-9dd1-a3bf0abb849b', true) ON CONFLICT DO NOTHING;
INSERT INTO eventvolunteer(eventid, volunteerid, isaccepted) VALUES ('4124cc66-95ef-4c5f-b5d1-dc9a943f0593', '31385804-a27a-4769-aaa4-33d3b155c99f', true) ON CONFLICT DO NOTHING;
INSERT INTO eventvolunteer(eventid, volunteerid, isaccepted) VALUES ('c44840dd-be63-4e4b-af7b-0f198aaf74bf', '1ec5d74d-d13f-4f89-a1de-5fafb18f069e', true) ON CONFLICT DO NOTHING;
INSERT INTO eventvolunteer(eventid, volunteerid, isaccepted) VALUES ('21914ea6-8a0e-48ee-bc5c-66213d64ba6f', '7794904f-e6cf-4609-acbf-ba659675c803', true) ON CONFLICT DO NOTHING;
INSERT INTO eventvolunteer(eventid, volunteerid, isaccepted) VALUES ('21914ea6-8a0e-48ee-bc5c-66213d64ba6f', 'eec3924c-13ea-4387-ac2a-db2411a1eb6f', true) ON CONFLICT DO NOTHING;
INSERT INTO eventvolunteer(eventid, volunteerid, isaccepted) VALUES ('46fc8eaa-7456-46e0-9a6a-5188a3267d0a', 'e9e175dc-fb5a-4d02-a994-cf21b44ff34c', true) ON CONFLICT DO NOTHING;
INSERT INTO eventvolunteer(eventid, volunteerid, isaccepted) VALUES ('8914e697-e934-42cb-abd1-101fd517692c', '20149580-dd4a-4ca9-a369-c4f31656db24', true) ON CONFLICT DO NOTHING;
INSERT INTO eventvolunteer(eventid, volunteerid, isaccepted) VALUES ('4be8dc6d-1e52-4649-8312-1c499ebcab93', '4d3ee164-fad7-4b91-b9c4-28e88102ea03', true) ON CONFLICT DO NOTHING;
INSERT INTO eventvolunteer(eventid, volunteerid, isaccepted) VALUES ('8914e697-e934-42cb-abd1-101fd517692c', '1c6a47f3-e613-434a-881a-932c9b226fe1', true) ON CONFLICT DO NOTHING;
INSERT INTO eventvolunteer(eventid, volunteerid, isaccepted) VALUES ('bdcbe499-9355-44c7-b53f-22f56c7265bf', 'bd94cfd3-7018-415f-9144-83096f947ba7', true) ON CONFLICT DO NOTHING;
INSERT INTO eventvolunteer(eventid, volunteerid, isaccepted) VALUES ('9606ae44-ebec-49b8-9e39-7f8b3d0c4cdc', '6d9858c9-c6ab-44de-8ccd-c018dcb6980b', true) ON CONFLICT DO NOTHING;
INSERT INTO eventvolunteer(eventid, volunteerid, isaccepted) VALUES ('21914ea6-8a0e-48ee-bc5c-66213d64ba6f', 'b9d497ba-9525-4273-bdef-f9faf47d9b7e', true) ON CONFLICT DO NOTHING;
INSERT INTO eventvolunteer(eventid, volunteerid, isaccepted) VALUES ('b9bea810-2a6f-443c-965c-4210f4e5a958', '0dbc44a4-49a1-4479-8f1a-870af0fbe6a6', true) ON CONFLICT DO NOTHING;
INSERT INTO eventvolunteer(eventid, volunteerid, isaccepted) VALUES ('4124cc66-95ef-4c5f-b5d1-dc9a943f0593', '7c9ccfe9-dfc0-4b63-96ad-ef7437024b1b', true) ON CONFLICT DO NOTHING;
INSERT INTO eventvolunteer(eventid, volunteerid, isaccepted) VALUES ('18646a8b-9172-415c-9494-905821e25ec7', '0e0ca403-cd62-4d36-873f-3164a4fd2a6d', true) ON CONFLICT DO NOTHING;
INSERT INTO eventvolunteer(eventid, volunteerid, isaccepted) VALUES ('18646a8b-9172-415c-9494-905821e25ec7', '25ae64f6-8518-499d-9c9a-4207ebbf0d5a', true) ON CONFLICT DO NOTHING;
INSERT INTO eventvolunteer(eventid, volunteerid, isaccepted) VALUES ('f1a2efda-f905-4120-8e5a-c2f2d60e578a', '0e0ca403-cd62-4d36-873f-3164a4fd2a6d', true) ON CONFLICT DO NOTHING;
INSERT INTO eventvolunteer(eventid, volunteerid, isaccepted) VALUES ('a7affde3-6b83-48f5-813a-31ec491765d5', '45957ab3-6e63-4fb0-8c21-f056bed27d78', true) ON CONFLICT DO NOTHING;
INSERT INTO eventvolunteer(eventid, volunteerid, isaccepted) VALUES ('1e153d76-5e56-40a4-99da-364533c7d609', 'c5d2062e-69ab-4a42-912b-6780bdc184a7', true) ON CONFLICT DO NOTHING;
INSERT INTO eventvolunteer(eventid, volunteerid, isaccepted) VALUES ('8338ad81-00c5-4c58-8d7d-6e265d94249e', '128214c7-abe8-46ab-8323-0a7814a902bd', true) ON CONFLICT DO NOTHING;
INSERT INTO eventvolunteer(eventid, volunteerid, isaccepted) VALUES ('9606ae44-ebec-49b8-9e39-7f8b3d0c4cdc', '222f75d0-6970-45a0-a459-cdaec272c079', true) ON CONFLICT DO NOTHING;
INSERT INTO eventvolunteer(eventid, volunteerid, isaccepted) VALUES ('9606ae44-ebec-49b8-9e39-7f8b3d0c4cdc', 'd8a51ebe-6691-4ac3-a395-8f48bb878496', true) ON CONFLICT DO NOTHING;
INSERT INTO eventvolunteer(eventid, volunteerid, isaccepted) VALUES ('8338ad81-00c5-4c58-8d7d-6e265d94249e', 'cee5ed31-0df2-4c45-8689-289b555ee1c1', true) ON CONFLICT DO NOTHING;
INSERT INTO eventvolunteer(eventid, volunteerid, isaccepted) VALUES ('21914ea6-8a0e-48ee-bc5c-66213d64ba6f', 'd96ee78e-26d6-401d-b917-1ff1e75632af', true) ON CONFLICT DO NOTHING;
INSERT INTO eventvolunteer(eventid, volunteerid, isaccepted) VALUES ('f1a2efda-f905-4120-8e5a-c2f2d60e578a', '45faf521-c60a-44ec-bb79-e8be90cea97d', true) ON CONFLICT DO NOTHING;
INSERT INTO eventvolunteer(eventid, volunteerid, isaccepted) VALUES ('8ef8528d-ddd5-487d-bb13-5325394f98ef', 'b3707fb0-246e-4baa-8af5-fd357009ec81', true) ON CONFLICT DO NOTHING;
INSERT INTO eventvolunteer(eventid, volunteerid, isaccepted) VALUES ('8ef8528d-ddd5-487d-bb13-5325394f98ef', '7d22e7d1-c182-45b6-a642-9aa587e3affb', true) ON CONFLICT DO NOTHING;
INSERT INTO eventvolunteer(eventid, volunteerid, isaccepted) VALUES ('ea161e6e-5fce-4c13-bdf3-2f0c760e91bf', 'dd28adb0-d23a-4ffd-be4d-f1b61f5419fa', true) ON CONFLICT DO NOTHING;
INSERT INTO eventvolunteer(eventid, volunteerid, isaccepted) VALUES ('18646a8b-9172-415c-9494-905821e25ec7', '8cd5ee1c-56de-4318-8e6d-ae05c415dabf', true) ON CONFLICT DO NOTHING;
INSERT INTO eventvolunteer(eventid, volunteerid, isaccepted) VALUES ('8914e697-e934-42cb-abd1-101fd517692c', 'e9e175dc-fb5a-4d02-a994-cf21b44ff34c', true) ON CONFLICT DO NOTHING;
INSERT INTO eventvolunteer(eventid, volunteerid, isaccepted) VALUES ('1e153d76-5e56-40a4-99da-364533c7d609', 'b9d497ba-9525-4273-bdef-f9faf47d9b7e', true) ON CONFLICT DO NOTHING;
INSERT INTO eventvolunteer(eventid, volunteerid, isaccepted) VALUES ('bdcbe499-9355-44c7-b53f-22f56c7265bf', 'cb6dfd77-df47-4aca-bcd1-c1aebbfee52f', true) ON CONFLICT DO NOTHING;
INSERT INTO eventvolunteer(eventid, volunteerid, isaccepted) VALUES ('8338ad81-00c5-4c58-8d7d-6e265d94249e', '45faf521-c60a-44ec-bb79-e8be90cea97d', true) ON CONFLICT DO NOTHING;
INSERT INTO eventvolunteer(eventid, volunteerid, isaccepted) VALUES ('b3c607ad-9b10-44f8-aa28-9dccff8c54e8', '45faf521-c60a-44ec-bb79-e8be90cea97d', true) ON CONFLICT DO NOTHING;
INSERT INTO eventvolunteer(eventid, volunteerid, isaccepted) VALUES ('8914e697-e934-42cb-abd1-101fd517692c', '1dc51fcf-1243-4294-9180-762fee429dba', true) ON CONFLICT DO NOTHING;
INSERT INTO eventvolunteer(eventid, volunteerid, isaccepted) VALUES ('18646a8b-9172-415c-9494-905821e25ec7', '31385804-a27a-4769-aaa4-33d3b155c99f', true) ON CONFLICT DO NOTHING;
INSERT INTO eventvolunteer(eventid, volunteerid, isaccepted) VALUES ('1e153d76-5e56-40a4-99da-364533c7d609', '7c9ccfe9-dfc0-4b63-96ad-ef7437024b1b', true) ON CONFLICT DO NOTHING;
INSERT INTO eventvolunteer(eventid, volunteerid, isaccepted) VALUES ('ea161e6e-5fce-4c13-bdf3-2f0c760e91bf', 'a8b412c2-8f4a-4359-98d8-cb2b402452df', true) ON CONFLICT DO NOTHING;
